Temp,Humidity,Cloud Cover,ANNUAL,Jan-Feb,Mar-May,Jun-Sep,Oct-Dec,avgjune,sub,flood
30.6,100.0,5.1,1239.2,27.1,55.2,1084.5,72.4,240.7,Kerala,0
28.7,52.0,5.9,1312.2,10.3,135.0,1052.9,114.0,252.6,Coastal Karnataka,1
27.9,73.0,6.9,1171.8,0.0,28.3,1143.5,0.0,282.0,Konkan & Goa,0
30.4,75.6,3.0,1253.3,27.5,49.4,999.6,176.8,270.9,East Rajasthan,1
32.8,83.0,5.9,1943.4,0.0,23.0,1780.6,139.8,432.9,Kerala,1
30.6,71.2,4.5,764.0,15.2,88.6,591.6,68.6,163.8,Vidarbha,0
20.6,73.7,6.7,532.7,34.1,110.7,386.8,1.1,96.7,Coastal Andhra Pradesh,0
22.5,65.3,0.7,1006.6,22.9,110.1,782.1,91.5,192.0,Kerala,0
24.8,73.2,4.8,597.7,49.2,96.7,429.6,22.2,112.4,Konkan & Goa,0
27.1,65.9,3.8,639.6,35.4,54.1,452.3,97.8,105.3,East Rajasthan,0
28.8,77.5,,755.3,10.2,49.0,599.6,96.5,141.3,Coastal Karnataka,0
24.5,,5.9,695.9,20.4,9.9,623.3,42.3,121.7,Konkan & Goa,0
27.7,74.5,3.6,878.8,19.3,121.1,613.6,124.8,148.4,Konkan & Goa,0
24.4,69.6,3.6,1241.8,0.0,74.1,1055.5,112.2,254.3,Coastal Andhra Pradesh,0
24.9,83.5,,918.2,5.9,45.2,748.1,119.0,176.7,Gangetic West Bengal,0
22.1,69.4,3.2,1037.9,11.6,99.8,846.1,80.4,219.9,East Rajasthan,0
23.8,48.7,6.7,1222.5,0.0,30.8,1168.3,23.4,305.2,Bihar,1
22.3,85.1,4.3,882.1,20.7,72.2,670.1,119.1,172.2,Konkan & Goa,0
23.6,59.1,0.0,960.9,16.3,54.8,820.6,69.2,225.1,Gangetic West Bengal,0
,62.2,4.3,1113.3,0.0,79.2,1009.7,24.4,263.9,Bihar,0
23.7,62.9,2.9,535.8,26.1,58.1,317.5,134.1,73.5,East Rajasthan,0
36.2,86.5,1.7,395.7,30.7,16.5,184.5,164.0,36.9,Assam & Meghalaya,0
28.7,44.4,2.5,1167.9,23.4,62.3,1003.8,78.4,257.2,Vidarbha,1
27.6,100.0,5.2,1320.6,15.1,91.5,1047.6,166.4,273.4,Gangetic West Bengal,1
24.0,82.7,7.7,1691.0,28.9,59.1,1519.3,83.7,407.8,Madhya Maharashtra,1
29.5,,5.6,1125.7,30.2,83.3,947.4,64.8,260.7,Assam & Meghalaya,0
25.0,69.3,3.8,1253.9,24.6,28.6,1145.9,54.8,275.6,Vidarbha,1
27.4,73.4,5.9,1053.7,7.6,59.2,841.4,145.5,208.3,Coastal Andhra Pradesh,0
36.0,76.3,4.1,1103.4,24.1,41.3,989.2,48.8,260.7,Kerala,1
26.7,77.7,3.6,1629.9,37.9,82.4,1400.2,109.4,371.4,Coastal Karnataka,1
31.0,76.7,2.7,392.4,11.1,60.9,262.8,57.6,84.5,Madhya Maharashtra,0
24.5,71.1,1.5,1217.9,51.5,80.7,1024.1,61.6,254.7,Coastal Andhra Pradesh,1
26.9,67.6,4.2,1766.6,12.1,92.6,1540.7,121.2,360.1,East Rajasthan,1
33.2,68.2,5.3,1150.6,20.5,80.7,984.6,64.8,226.2,Coastal Andhra Pradesh,0
24.8,67.7,4.8,1537.1,9.9,68.2,1395.2,63.8,354.3,Kerala,0
33.3,,4.2,889.9,23.3,30.1,711.2,125.3,184.6,East Rajasthan,0
29.5,77.1,3.1,1094.2,0.0,59.9,890.4,143.9,200.6,Madhya Maharashtra,0
25.0,34.7,6.2,1071.7,11.8,44.0,910.1,105.8,228.4,Kerala,0
29.2,77.9,2.4,341.8,3.6,49.7,234.7,53.8,71.3,Bihar,0
30.4,72.3,6.6,679.9,22.0,48.8,549.5,59.6,114.4,Coastal Karnataka,0
29.2,69.8,3.0,719.6,34.9,30.6,570.9,83.2,164.8,Madhya Maharashtra,0
21.5,65.3,3.5,1270.4,29.7,1.3,1146.6,92.8,279.1,Bihar,1
24.5,83.5,2.1,1242.1,0.0,40.0,1161.6,40.5,315.6,Vidarbha,1
26.1,81.4,4.0,1222.5,50.6,65.8,997.2,108.9,238.6,Madhya Maharashtra,1
26.7,60.7,7.0,1274.6,24.4,19.6,1147.2,83.4,266.3,Vidarbha,1
29.2,74.9,6.0,931.1,8.4,60.5,850.8,11.4,203.5,East Rajasthan,0
27.6,58.3,7.0,1442.8,22.4,117.0,1260.6,42.8,313.2,Bihar,1
22.3,53.4,6.0,1075.7,22.6,90.7,902.6,59.8,217.9,Coastal Karnataka,0
28.3,62.5,2.8,1113.8,10.0,109.3,917.4,77.1,225.0,Kerala,0
29.1,80.3,4.3,1070.6,23.0,71.7,820.3,155.6,211.8,Konkan & Goa,0
29.0,81.4,3.4,1300.7,10.9,95.0,1105.3,89.5,272.9,Coastal Andhra Pradesh,1
30.8,76.2,7.7,872.2,13.9,38.3,773.6,46.4,192.1,Assam & Meghalaya,0
29.9,78.7,2.6,1332.1,9.7,40.7,1192.9,88.8,264.0,Coastal Karnataka,1
28.6,76.2,6.8,626.3,0.0,0.0,560.4,65.9,147.9,Bihar,0
26.8,62.3,6.8,781.1,22.2,95.6,570.3,93.0,140.8,Konkan & Goa,0
21.2,75.2,8.0,1344.4,28.8,106.2,1106.2,103.2,308.8,Coastal Karnataka,1
28.5,79.6,4.2,1072.9,27.7,43.4,873.4,128.4,199.6,Bihar,0
27.7,79.1,6.4,927.5,32.3,52.4,763.8,79.0,154.8,Gangetic West Bengal,0
28.0,84.3,8.0,1374.9,24.9,37.4,1167.0,145.6,304.1,Gangetic West Bengal,1
22.5,78.5,3.8,917.6,12.0,71.5,717.8,116.3,186.4,Vidarbha,1
23.2,74.2,1.9,1017.9,32.6,93.7,839.9,51.7,189.8,Coastal Karnataka,0
30.7,82.8,1.2,1495.9,0.0,7.7,1319.8,168.4,299.4,Gangetic West Bengal,1
26.9,69.7,6.4,1533.6,6.5,72.3,5460.3105666471,93.1,371.2,Bihar,1
29.4,59.4,1.2,1475.5,5.5,51.7,1371.7,46.6,371.2,Vidarbha,1
27.1,68.0,4.3,1061.1,36.2,63.4,815.4,146.1,154.1,Bihar,0
27.1,61.1,5.9,1540.2,34.1,73.8,1269.2,163.1,308.1,Vidarbha,1
30.3,61.9,5.4,775.7,27.3,54.4,615.3,78.7,187.1,Coastal Karnataka,0
25.2,68.3,5.9,780.8,36.1,56.9,627.9,59.9,147.5,Konkan & Goa,0
27.3,60.5,5.4,328.4,6.8,53.6,194.9,73.1,38.9,Kerala,0
25.4,66.3,7.6,1624.8,25.2,89.1,1401.9,108.6,344.8,Madhya Maharashtra,1
25.5,47.3,3.1,862.6,18.1,72.6,640.8,131.1,137.8,Konkan & Goa,0
25.9,72.6,3.6,1064.1,32.7,66.6,862.0,102.8,181.4,East Rajasthan,1
27.8,70.0,3.5,751.2,18.3,21.9,626.9,84.1,177.8,Bihar,0
25.3,60.2,6.7,1311.2,14.2,48.6,1108.5,139.9,240.3,East Rajasthan,0
31.4,77.9,6.8,969.9,28.1,87.0,787.3,67.5,201.8,Konkan & Goa,0
23.9,81.3,5.9,724.0,33.1,61.1,508.6,121.2,144.9,Vidarbha,0
26.3,50.7,7.4,1190.8,10.0,79.8,1032.5,68.5,229.1,Madhya Maharashtra,0
25.5,60.8,2.6,699.2,19.1,113.0,469.9,97.2,99.0,Madhya Maharashtra,0
32.1,60.8,8.0,819.6,4.1,91.2,648.8,75.5,186.5,Assam & Meghalaya,0
27.7,58.7,8.0,408.5,0.0,62.8,267.9,77.8,77.6,Madhya Maharashtra,0
30.6,80.0,6.5,605.4,23.0,44.7,472.8,64.9,105.9,Kerala,0
21.8,67.7,8.0,1116.5,29.1,0.0,953.6,133.8,262.4,Madhya Maharashtra,1
27.9,66.8,1.7,440.1,23.9,54.9,310.6,50.7,101.8,Konkan & Goa,0
30.1,,4.0,556.3,0.0,50.2,455.7,50.4,119.3,Assam & Meghalaya,0
27.3,77.6,,1150.5,14.7,71.7,899.3,164.8,206.8,Konkan & Goa,0
30.7,55.1,6.4,911.4,0.0,55.4,736.9,119.1,176.0,Konkan & Goa,0
25.2,70.7,2.9,1588.5,40.5,50.4,1497.6,0.0,380.1,Coastal Andhra Pradesh,1
31.9,73.3,6.5,1517.9,3.7,6.6,1450.2,57.4,358.8,Assam & Meghalaya,1
35.0,86.3,7.7,717.7,38.8,31.8,639.6,7.5,178.7,Konkan & Goa,0
,54.3,6.4,1217.6,34.2,74.3,1067.1,42.0,236.2,Coastal Andhra Pradesh,0
25.4,33.8,5.6,1242.8,6.5,111.5,1124.8,0.0,251.3,Coastal Andhra Pradesh,0
32.1,72.2,3.0,855.4,3.0,57.1,720.8,74.5,183.8,Assam & Meghalaya,0
32.5,91.6,3.3,580.7,25.3,69.8,451.3,34.3,103.0,East Rajasthan,0
25.2,84.9,7.5,1074.6,7.3,88.6,896.3,82.4,211.5,Vidarbha,0
25.5,72.5,6.6,920.3,21.5,35.7,848.1,15.0,176.7,Kerala,0
26.0,64.1,4.9,936.4,12.8,71.0,769.3,83.3,192.7,Vidarbha,0
22.3,79.7,4.2,1133.9,0.0,37.8,1032.7,63.4,257.1,Madhya Maharashtra,0
23.8,58.3,0.9,900.8,0.0,85.9,674.8,140.1,181.8,Kerala,1
23.5,75.7,,778.8,23.4,64.5,554.4,136.5,140.0,Madhya Maharashtra,0
24.3,76.1,8.0,1124.7,11.6,69.0,932.7,111.4,230.5,Konkan & Goa,1
26.9,82.7,,1130.9,11.7,36.5,1015.8,66.9,277.5,Bihar,1
27.8,100.0,5.4,818.0,30.4,81.2,547.0,159.4,110.5,Assam & Meghalaya,0
32.4,74.7,7.0,1356.4,37.6,122.5,1178.4,17.9,305.3,Kerala,0
23.5,63.9,2.5,438.5,15.9,29.8,368.9,23.9,58.8,Kerala,0
30.4,69.7,5.4,867.9,14.9,49.8,726.6,76.6,164.9,Konkan & Goa,0
26.3,48.8,6.9,1087.2,27.5,66.9,822.6,170.2,181.4,East Rajasthan,0
26.8,61.7,5.0,864.6,0.0,83.6,709.1,71.9,192.9,Coastal Andhra Pradesh,0
29.4,65.1,8.0,869.7,23.3,43.2,730.5,72.7,181.3,Konkan & Goa,0
23.1,63.7,1.7,1511.9,28.3,0.0,1461.3,22.3,365.1,Gangetic West Bengal,1
28.3,71.8,7.1,893.5,30.2,100.8,644.7,117.8,139.0,Coastal Andhra Pradesh,0
27.6,60.1,4.7,1833.3,0.0,82.8,1632.4,118.1,402.1,Assam & Meghalaya,1
28.7,83.5,6.5,1159.0,8.6,7.7,1031.1,111.6,242.5,Coastal Andhra Pradesh,1
28.0,70.0,5.9,1031.0,6.8,41.8,927.6,54.8,239.6,East Rajasthan,0
35.6,69.9,3.5,1223.1,21.5,107.0,1042.9,51.7,240.9,Coastal Andhra Pradesh,1
24.8,66.1,5.5,1817.9,27.2,103.4,1659.0,28.3,441.3,Assam & Meghalaya,1
,71.9,1.3,816.0,42.5,88.2,601.9,83.4,117.0,East Rajasthan,0
24.8,79.9,6.2,668.0,12.6,54.7,563.9,36.8,124.8,Vidarbha,0
25.1,59.6,5.6,781.4,12.5,62.5,673.5,32.9,201.9,Kerala,0
24.8,62.1,6.3,1066.0,37.2,56.1,909.6,63.1,218.7,Kerala,1
31.2,66.4,7.1,560.9,24.4,93.8,382.3,60.4,69.3,Madhya Maharashtra,0
32.0,53.8,5.7,1037.9,39.0,33.7,906.7,58.5,231.1,Vidarbha,0
25.0,60.2,5.3,1566.9,24.3,35.8,1408.1,98.7,342.5,Vidarbha,1
24.1,64.3,,1121.5,2.6,90.3,945.4,83.2,219.6,Coastal Andhra Pradesh,1
28.6,80.5,3.6,939.4,0.0,58.7,812.2,68.5,181.1,Kerala,0
25.1,73.2,7.4,903.3,0.0,101.4,714.6,87.3,234.0,Assam & Meghalaya,0
29.2,72.3,7.9,1279.7,29.9,39.9,1169.6,40.3,287.4,Coastal Karnataka,0
27.7,80.2,4.5,832.7,37.8,58.4,652.3,84.2,124.6,Coastal Karnataka,0
21.7,68.4,5.1,1619.9,47.7,32.3,1453.9,86.0,393.3,East Rajasthan,1
32.4,74.7,3.2,1592.7,32.6,60.2,1480.0,19.9,382.2,Kerala,1
33.3,68.8,7.3,1149.8,37.4,15.6,977.0,119.8,228.9,Kerala,1
24.9,73.2,6.3,997.9,11.3,45.4,896.5,44.7,205.5,Coastal Karnataka,0
25.6,63.0,8.0,1312.4,2.7,16.9,1209.2,83.6,315.8,Kerala,0
28.0,40.7,3.2,1468.6,32.8,80.8,1228.4,126.6,302.2,Coastal Andhra Pradesh,1
28.2,68.4,4.2,883.0,26.3,81.5,658.2,117.0,126.0,Gangetic West Bengal,1
29.3,87.1,5.5,853.1,21.6,8.1,2789.7857645189947,81.4,221.2,Bihar,1
34.0,81.1,6.3,694.6,25.8,100.0,503.3,65.5,117.1,Vidarbha,0
26.4,81.6,4.6,1300.3,24.8,134.9,1022.7,117.9,285.6,Madhya Maharashtra,1
24.2,84.8,3.3,1307.7,39.3,61.4,1100.0,107.0,300.6,East Rajasthan,1
22.2,71.1,6.8,630.5,39.4,40.8,495.0,55.3,103.7,Gangetic West Bengal,0
24.4,72.4,6.4,984.5,28.2,144.7,763.4,48.2,211.5,Coastal Karnataka,0
26.9,62.6,3.2,548.9,32.7,20.4,495.8,0.0,110.9,Vidarbha,0
33.3,66.2,7.7,804.9,27.7,60.6,630.4,86.2,120.3,Kerala,0
25.2,77.4,7.3,1220.5,13.1,65.4,1065.3,76.7,257.8,Madhya Maharashtra,0
27.8,84.4,5.3,937.1,31.3,100.4,680.0,125.4,178.0,Kerala,0
26.9,68.3,5.2,975.0,0.0,70.8,809.8,94.4,193.2,Assam & Meghalaya,0
31.2,64.6,6.1,626.0,35.8,45.0,411.8,133.4,96.8,Assam & Meghalaya,0
35.8,70.0,3.3,1041.8,2.1,31.5,956.1,52.1,261.9,Madhya Maharashtra,1
,77.2,5.1,1086.2,24.3,49.7,886.7,125.5,223.8,Madhya Maharashtra,0
25.3,52.7,0.7,777.2,7.3,29.8,681.3,58.8,153.5,Coastal Karnataka,0
30.7,42.4,6.8,1044.1,28.3,61.4,843.3,111.1,224.9,Madhya Maharashtra,0
29.4,63.4,1.9,1038.3,19.5,43.1,954.1,21.6,242.5,Coastal Andhra Pradesh,1
33.5,55.4,8.0,760.1,0.0,15.2,655.5,89.4,113.4,Kerala,0
29.0,63.9,4.3,581.7,26.3,97.7,457.1,0.6,122.8,Gangetic West Bengal,0
25.7,68.2,4.6,1567.4,11.3,45.1,1441.7,69.3,368.3,Konkan & Goa,1
29.1,64.6,3.7,862.8,33.2,22.0,710.0,97.6,177.9,Madhya Maharashtra,0
30.9,,4.4,1005.2,20.0,55.0,871.0,59.2,235.6,East Rajasthan,0
29.9,73.9,7.8,1329.3,25.9,62.1,1203.3,38.0,287.4,Assam & Meghalaya,1
28.8,73.6,0.0,2085.7,5.6,7.6,1958.7,113.8,496.4,Coastal Andhra Pradesh,1
30.7,77.5,7.6,683.7,11.2,69.9,526.7,75.9,100.3,Vidarbha,1
31.1,56.3,5.7,1137.0,13.1,28.6,1034.9,60.4,266.9,Konkan & Goa,0
31.8,82.5,2.6,913.6,32.9,111.3,687.7,81.7,211.0,Gangetic West Bengal,1
29.3,69.1,2.8,1044.8,45.2,75.7,738.4,185.5,164.7,Konkan & Goa,0
26.4,78.0,8.0,865.9,7.9,48.0,683.9,126.1,155.8,Madhya Maharashtra,0
27.5,57.1,3.1,762.6,36.2,37.6,562.3,126.5,126.4,Coastal Karnataka,0
31.2,51.4,2.7,1041.9,0.0,56.9,887.6,97.4,224.5,Assam & Meghalaya,0
24.1,79.8,7.3,624.8,2.1,78.4,457.6,86.7,93.1,Assam & Meghalaya,0
28.3,74.5,5.7,1248.8,5.6,59.2,1184.0,0.0,304.4,Vidarbha,0
25.6,,3.1,1022.8,0.0,53.5,916.5,52.8,246.1,Coastal Karnataka,0
27.1,59.6,5.4,1149.3,0.0,61.8,1026.7,60.8,267.4,Kerala,1
31.5,83.5,2.9,833.2,26.2,41.9,760.1,5.0,154.7,Bihar,0
27.7,55.7,7.2,890.0,16.8,49.7,789.8,33.7,217.4,Coastal Andhra Pradesh,0
27.2,89.7,7.1,1012.8,25.7,0.0,986.3,0.8,265.3,Assam & Meghalaya,1
22.2,59.2,6.1,748.9,30.4,89.2,550.8,78.5,154.3,East Rajasthan,0
29.6,77.7,5.7,998.4,24.0,69.0,792.6,112.8,205.6,Assam & Meghalaya,0
29.3,66.1,8.0,833.1,29.9,36.8,642.1,124.3,164.9,Konkan & Goa,0
34.6,77.2,5.0,865.4,19.0,117.0,632.8,96.6,178.8,Assam & Meghalaya,0
25.9,63.5,2.6,373.3,2.2,62.6,267.0,41.5,105.2,Assam & Meghalaya,0
27.8,68.0,5.9,1369.3,35.9,28.9,1301.8,2.7,306.4,Bihar,1
27.9,70.5,8.0,800.6,11.2,85.7,694.0,9.7,195.1,Bihar,0
32.5,58.0,3.0,1356.1,6.0,71.9,1249.0,29.2,310.5,Gangetic West Bengal,1
26.7,78.9,4.3,1354.1,17.3,71.8,1220.6,44.4,302.6,Kerala,1
28.0,63.8,5.8,641.3,6.3,47.2,514.2,73.6,97.8,East Rajasthan,0
29.1,67.3,4.9,700.1,13.7,73.5,573.5,39.4,137.7,Assam & Meghalaya,0
27.7,58.1,3.0,1839.1,25.2,52.1,1668.2,93.6,397.1,Assam & Meghalaya,1
25.4,39.3,7.2,1597.9,25.2,76.7,1425.3,70.7,347.0,Coastal Andhra Pradesh,1
27.7,67.7,8.0,980.3,6.5,2.9,890.5,80.4,200.7,Bihar,0
30.8,99.0,5.4,1162.5,12.7,47.0,977.2,125.6,235.3,East Rajasthan,1
23.4,79.4,3.2,891.3,36.1,111.7,710.7,32.8,169.6,Vidarbha,0
27.5,69.8,1.9,1190.8,27.4,37.0,1029.7,96.7,259.4,Gangetic West Bengal,0
24.5,66.8,5.5,857.2,51.1,41.9,684.8,79.4,138.9,Kerala,0
31.2,70.3,7.2,441.3,37.7,46.6,290.3,66.7,43.7,Coastal Karnataka,0
21.7,76.6,6.0,679.7,37.2,23.6,503.5,115.4,133.1,Kerala,0
25.0,55.8,5.0,1021.5,0.0,0.0,906.3,115.2,210.6,Konkan & Goa,0
28.3,83.4,3.8,687.4,31.5,53.1,560.7,42.1,161.7,Assam & Meghalaya,0
32.5,78.6,2.8,1035.8,19.2,64.1,879.8,72.7,224.5,Gangetic West Bengal,0
26.8,78.6,6.7,738.9,11.7,58.4,577.6,91.2,156.5,Konkan & Goa,0
25.1,75.3,6.8,812.6,22.5,55.7,665.3,69.1,194.5,East Rajasthan,0
33.6,70.2,1.9,1354.8,34.2,61.3,1155.9,103.4,282.8,Coastal Karnataka,1
21.9,78.1,8.0,1183.6,27.5,90.7,974.2,91.2,232.1,Bihar,1
19.3,77.1,6.1,1111.5,6.8,54.3,897.1,153.3,241.7,Gangetic West Bengal,0
28.5,65.8,7.8,1256.4,31.1,42.8,1163.7,18.8,301.1,Gangetic West Bengal,0
25.2,63.1,2.3,1181.3,10.4,51.6,1044.2,75.1,257.3,Assam & Meghalaya,1
23.4,71.2,2.3,1478.4,23.3,77.4,1334.0,43.7,361.3,Madhya Maharashtra,1
29.5,88.6,4.7,984.0,15.4,102.4,762.0,104.2,186.3,Gangetic West Bengal,1
27.9,55.1,6.0,844.3,16.7,41.2,771.1,15.3,193.4,Coastal Andhra Pradesh,0
25.0,52.4,8.0,698.1,31.5,63.0,509.7,93.9,127.8,Coastal Karnataka,0
22.5,72.0,6.4,900.7,4.4,70.2,771.3,54.8,174.1,Coastal Karnataka,1
30.1,70.6,4.5,1319.4,49.2,30.2,1189.4,50.6,298.9,Coastal Andhra Pradesh,1
29.3,72.1,2.9,1372.7,0.0,60.6,1290.0,22.1,350.4,Vidarbha,1
26.7,72.9,7.5,1276.5,11.0,16.0,1188.1,61.4,305.9,Coastal Andhra Pradesh,1
,67.3,3.1,517.6,25.6,6.9,361.7,123.4,91.0,Coastal Andhra Pradesh,0
23.3,,8.0,1403.7,28.8,71.0,1224.9,79.0,303.0,Coastal Karnataka,0
21.7,50.8,4.4,520.5,18.5,48.5,348.4,105.1,93.7,Kerala,0
24.6,60.1,8.0,1401.2,19.1,66.1,1169.4,146.6,307.3,Coastal Karnataka,1
26.8,68.8,6.4,966.0,26.2,59.5,789.7,90.6,209.6,Madhya Maharashtra,0
27.9,50.3,4.7,1215.6,16.5,30.7,1110.8,57.6,271.1,Assam & Meghalaya,1
26.2,67.9,4.0,698.5,40.9,58.6,500.3,98.7,131.6,Konkan & Goa,0
28.2,89.9,4.3,1365.2,32.6,23.0,1251.4,58.2,322.4,Kerala,1
22.6,70.3,5.9,655.1,33.1,101.7,460.5,59.8,95.0,Bihar,0
,72.8,5.2,743.5,5.5,19.3,699.5,19.2,178.2,Konkan & Goa,0
26.7,54.9,3.8,790.6,18.8,54.1,600.6,117.1,106.9,Assam & Meghalaya,0
30.9,62.6,4.7,482.5,15.5,28.7,373.7,64.6,103.1,Madhya Maharashtra,0
28.2,65.5,5.2,1097.7,4.9,77.1,928.4,87.3,245.3,Madhya Maharashtra,0
28.6,66.2,0.7,1555.9,25.4,50.1,1441.8,38.6,375.4,Bihar,1
29.0,85.4,5.9,1853.8,11.9,44.4,1700.1,97.4,417.1,Kerala,1
28.6,76.7,3.0,1094.0,29.8,85.6,929.1,49.5,238.5,Vidarbha,0
29.2,56.7,2.7,1374.1,3.9,60.9,1235.0,74.3,337.2,Coastal Andhra Pradesh,1
31.7,73.0,1.6,1206.0,45.8,75.5,969.6,115.1,270.7,Kerala,0
27.7,76.0,1.4,1198.5,6.6,30.6,4866.144809101838,111.6,261.8,Vidarbha,1
29.5,83.7,2.3,917.7,23.3,17.9,797.4,79.1,202.1,Madhya Maharashtra,0
26.7,89.0,3.6,1062.9,31.9,63.2,958.5,9.3,261.8,Coastal Karnataka,0
32.0,57.8,8.0,1322.7,11.4,50.4,1061.2,199.7,235.3,Assam & Meghalaya,0
24.6,60.3,3.9,987.9,32.8,78.8,726.5,149.8,175.2,Bihar,0
33.3,54.9,5.4,1044.9,1.6,57.6,876.8,108.9,245.9,Assam & Meghalaya,0
26.9,67.2,5.8,1040.4,41.8,66.2,882.5,49.9,240.1,East Rajasthan,1
22.0,75.6,5.3,1254.9,20.2,11.3,1147.9,75.5,294.4,East Rajasthan,1
27.4,81.8,4.8,766.3,11.1,116.7,580.2,58.3,114.9,Kerala,0
24.6,69.1,2.6,1085.7,15.5,55.1,884.5,130.6,220.1,Madhya Maharashtra,1
29.9,66.2,7.9,1677.1,32.1,80.9,1473.6,90.5,356.6,Madhya Maharashtra,0
24.7,71.8,8.0,1343.9,11.2,34.9,1249.2,48.6,318.9,Coastal Andhra Pradesh,1
25.4,60.0,1.6,1444.0,8.8,69.2,1304.8,61.2,310.0,Coastal Andhra Pradesh,1
20.4,95.1,3.0,1069.7,16.7,20.9,907.3,124.8,206.3,Coastal Andhra Pradesh,1
25.4,50.7,4.4,1216.2,2.3,73.6,996.3,144.0,207.8,Coastal Karnataka,0
18.5,72.2,3.1,1438.4,47.3,49.3,1200.7,141.1,324.6,Konkan & Goa,0
21.5,94.3,6.0,1550.8,11.5,60.9,1368.1,110.3,334.0,Gangetic West Bengal,1
29.7,70.1,3.5,497.8,32.5,80.9,314.5,69.9,81.8,Konkan & Goa,1
29.8,67.7,8.0,551.5,23.1,23.0,505.4,0.0,126.3,Assam & Meghalaya,0
28.5,65.7,7.4,1429.4,5.2,39.5,1292.8,91.9,301.9,Konkan & Goa,1
23.6,67.8,5.4,990.4,19.9,73.7,816.9,79.9,179.0,Coastal Karnataka,0
26.8,86.5,7.1,938.8,31.8,122.9,698.5,85.6,154.5,Assam & Meghalaya,0
27.0,43.5,7.2,679.1,17.2,55.9,523.8,82.2,116.5,Konkan & Goa,0
22.9,88.4,3.9,876.0,37.9,77.7,733.5,26.9,190.7,Coastal Karnataka,0
32.3,,3.4,673.7,35.3,56.8,479.3,102.3,103.9,Gangetic West Bengal,0
30.1,66.8,5.2,1784.7,33.8,118.3,1527.3,105.3,416.8,Konkan & Goa,1
26.2,64.8,6.7,1021.3,13.1,7.6,893.3,107.3,243.9,Coastal Karnataka,0
27.1,77.1,5.3,1067.1,3.8,62.8,882.6,117.9,236.8,Coastal Andhra Pradesh,0
27.7,50.8,1.8,1202.6,10.8,11.2,1076.4,104.2,266.7,Madhya Maharashtra,0
19.9,75.5,3.4,1275.2,22.9,0.0,1188.7,63.6,327.5,Coastal Andhra Pradesh,1
26.1,94.3,4.9,1358.1,28.2,68.9,1183.8,77.2,291.6,Madhya Maharashtra,1
24.6,53.6,4.8,1369.9,0.0,64.2,1222.1,83.6,304.9,Bihar,0
23.5,72.3,8.0,866.4,19.9,51.5,710.7,84.3,181.1,Bihar,0
26.0,62.1,2.2,1009.7,22.4,56.8,810.6,119.9,216.7,Bihar,0
33.3,75.1,6.0,1405.1,15.8,152.9,1130.7,105.7,295.4,Gangetic West Bengal,0
29.2,70.2,8.0,996.6,39.4,52.3,741.8,163.1,175.9,Coastal Andhra Pradesh,0
25.0,62.3,8.0,1168.4,26.3,75.3,898.5,168.3,214.0,Madhya Maharashtra,1
29.0,75.9,4.2,1183.0,39.7,40.5,1019.6,83.2,267.7,Coastal Karnataka,1
31.9,91.7,6.0,1221.3,16.8,68.9,1135.6,0.0,298.2,Assam & Meghalaya,1
30.2,67.7,6.1,583.2,34.1,52.9,366.7,129.5,83.8,Coastal Karnataka,0
27.2,78.6,5.4,1265.0,44.5,47.7,1114.4,58.4,246.9,Assam & Meghalaya,0
24.7,54.5,4.8,1032.1,39.7,114.6,829.9,47.9,203.3,East Rajasthan,0
29.4,58.5,5.9,1275.2,3.6,95.3,1112.2,64.1,290.5,Coastal Karnataka,0
28.4,75.7,0.0,1275.5,16.2,64.1,1133.1,62.1,319.4,Konkan & Goa,1
30.1,87.8,6.4,1501.7,14.8,0.0,1382.4,104.5,321.6,Konkan & Goa,1
29.2,74.3,5.3,1400.1,27.3,49.2,1306.0,17.6,318.0,Kerala,0
30.7,66.2,4.6,1512.3,30.3,141.1,1304.0,36.9,318.2,Coastal Andhra Pradesh,0
25.1,70.0,8.0,1487.3,7.4,53.1,1333.1,93.7,360.4,Assam & Meghalaya,0
31.6,55.0,3.7,1206.4,21.0,93.1,987.4,104.9,246.2,Assam & Meghalaya,0
27.7,77.3,4.2,1118.7,0.0,103.3,909.7,105.7,209.3,Coastal Andhra Pradesh,1
34.3,80.6,8.0,1318.5,41.6,66.6,1161.8,48.5,301.6,Gangetic West Bengal,0
24.6,64.6,3.3,1207.5,12.3,34.7,1119.6,40.9,271.8,Kerala,0
33.1,64.4,3.9,887.8,20.8,0.0,807.3,59.7,177.3,Gangetic West Bengal,0
27.7,73.2,4.7,1206.9,15.4,80.5,1021.4,89.6,237.5,Gangetic West Bengal,0
24.7,64.8,6.7,1101.7,37.2,35.6,889.5,139.4,257.1,Gangetic West Bengal,0
25.3,69.2,5.4,709.1,0.0,65.3,643.8,0.0,168.6,Coastal Andhra Pradesh,0
25.9,,2.4,1400.6,19.8,22.5,1287.1,71.2,323.9,Gangetic West Bengal,0
28.5,67.0,3.9,1013.7,18.4,52.0,916.6,26.7,224.2,Konkan & Goa,0
28.8,65.7,,1602.7,13.2,61.0,1514.6,13.9,384.5,Bihar,1
25.0,62.2,4.8,645.1,45.9,68.1,412.4,118.7,108.7,East Rajasthan,0
26.9,78.9,5.9,868.1,6.7,26.6,733.0,101.8,189.1,Assam & Meghalaya,0
34.5,67.8,5.8,1135.3,31.6,95.9,909.8,98.0,229.7,Assam & Meghalaya,0
33.0,62.2,1.4,1425.4,25.3,42.1,1241.2,116.8,327.7,East Rajasthan,1
28.5,85.9,7.1,1129.3,38.9,9.8,1019.8,60.8,255.4,Coastal Andhra Pradesh,1
27.1,87.0,5.5,1122.5,10.0,56.7,993.1,62.7,228.7,Coastal Karnataka,1
27.4,62.8,7.8,799.2,9.0,61.0,561.8,167.4,128.2,Coastal Andhra Pradesh,0
29.1,47.6,5.9,724.2,36.4,64.8,552.9,70.1,98.6,Assam & Meghalaya,0
23.4,82.1,7.2,1233.5,26.4,100.9,996.8,109.4,289.7,Assam & Meghalaya,1
26.1,61.8,5.9,624.0,0.0,52.9,490.8,80.3,140.0,East Rajasthan,0
21.2,79.5,7.7,814.8,11.9,56.4,740.4,6.1,168.5,Gangetic West Bengal,0
,46.4,,1103.0,25.8,26.9,1050.3,0.0,256.9,Coastal Andhra Pradesh,0
29.3,80.7,4.8,779.3,32.6,84.6,605.3,56.8,138.6,Madhya Maharashtra,1
25.3,55.5,8.0,1579.1,9.8,65.5,1381.6,122.2,376.3,East Rajasthan,1
32.5,78.8,6.8,1426.1,0.0,47.4,1267.2,111.5,288.4,Konkan & Goa,0
22.7,70.2,6.1,575.9,27.8,2.9,428.6,116.6,109.4,Assam & Meghalaya,0
21.9,58.6,2.4,765.8,1.7,103.3,620.3,40.5,152.9,East Rajasthan,0
27.8,65.1,2.4,382.1,0.0,23.2,214.3,144.6,70.1,Coastal Andhra Pradesh,0
30.7,78.2,5.6,748.9,0.0,42.3,665.2,41.4,164.2,Assam & Meghalaya,0
32.9,71.3,5.3,1321.4,32.2,70.8,1129.9,88.5,247.3,Coastal Karnataka,1
25.4,77.0,3.8,901.4,21.9,24.1,775.8,79.6,188.9,East Rajasthan,0
30.8,93.7,5.3,1143.0,16.6,15.2,1038.2,73.0,240.1,Kerala,1
,51.2,8.0,617.6,40.8,0.0,443.3,133.5,112.4,Assam & Meghalaya,0
26.4,89.4,6.4,1302.4,29.6,81.6,1139.4,51.8,313.5,Coastal Andhra Pradesh,0
30.1,71.3,2.7,847.3,44.2,43.6,733.5,26.0,148.6,Bihar,0
29.3,59.2,4.8,1132.3,0.0,147.8,903.7,80.8,209.9,Madhya Maharashtra,0
21.5,54.0,3.4,985.8,19.5,30.2,872.1,64.0,207.0,Vidarbha,0
32.2,67.7,4.2,766.0,0.0,32.4,518.5,215.1,122.0,Gangetic West Bengal,0
31.8,81.1,4.2,720.8,16.6,43.0,554.1,107.1,153.3,Vidarbha,0
24.8,68.5,4.0,1337.5,16.3,67.3,4462.046812083043,63.6,294.1,Coastal Andhra Pradesh,1
28.4,88.1,2.5,1132.8,29.4,45.9,1019.7,37.8,263.2,Konkan & Goa,1
28.7,52.6,4.7,1318.9,20.7,78.4,1215.0,4.8,291.2,Konkan & Goa,0
,69.9,3.9,1096.4,29.4,30.6,997.4,39.0,253.9,Bihar,0
25.1,55.0,0.0,1076.7,30.6,18.6,942.9,84.6,251.3,Gangetic West Bengal,1
24.6,74.4,8.0,577.7,52.3,6.1,382.2,137.1,80.9,Kerala,0
26.9,80.6,7.2,959.1,15.3,0.0,818.9,124.9,220.4,Bihar,0
31.1,65.0,4.2,1031.4,5.9,44.5,891.8,89.2,224.0,Vidarbha,0
28.9,38.7,5.0,1627.7,23.7,51.0,1485.9,67.1,392.4,Bihar,1
25.7,72.4,2.7,1246.0,8.0,41.1,1106.1,90.8,272.5,Vidarbha,1
29.7,75.2,8.0,1559.6,42.2,97.3,1360.8,59.3,347.8,Assam & Meghalaya,1
17.0,74.9,8.0,1340.6,15.8,96.8,1079.3,148.7,269.0,Konkan & Goa,1
31.0,84.8,5.3,820.5,11.5,50.0,686.6,72.4,169.7,Assam & Meghalaya,0
20.9,57.1,7.0,1030.7,12.9,6.2,935.1,76.5,239.0,Madhya Maharashtra,0
25.7,78.2,5.4,1044.7,30.8,43.0,970.9,0.0,253.5,Gangetic West Bengal,0
23.1,84.3,2.3,750.1,17.6,42.0,618.3,72.2,129.6,Kerala,0
22.5,48.7,4.2,948.9,10.4,40.3,784.7,113.5,224.8,Vidarbha,0
31.1,73.8,5.3,959.7,45.0,39.1,838.3,37.3,172.4,Kerala,0
25.4,63.9,4.1,1479.3,7.2,40.4,1381.7,50.0,331.7,Vidarbha,1
28.2,69.0,4.6,456.4,20.5,48.4,275.8,111.7,67.1,Coastal Andhra Pradesh,0
26.8,74.2,4.8,1353.3,29.8,40.9,1261.7,20.9,323.7,Bihar,1
28.7,64.2,4.8,807.5,0.0,66.2,619.0,122.3,186.3,Madhya Maharashtra,0
27.3,61.9,5.1,645.1,27.2,70.8,488.4,58.7,84.9,Konkan & Goa,0
22.5,70.4,2.9,1355.4,4.2,32.7,1254.0,64.5,303.3,Vidarbha,0
30.5,57.0,3.6,1285.0,32.3,98.1,1119.6,35.0,237.4,Kerala,0
25.3,57.0,2.4,1407.7,5.6,30.6,1276.4,95.1,319.7,Madhya Maharashtra,1
21.6,78.2,7.0,1360.5,30.4,11.5,1140.2,178.4,290.5,Coastal Karnataka,0
25.5,56.2,0.8,1737.3,36.6,71.4,1518.0,111.3,411.3,Coastal Karnataka,1
,78.0,7.3,1181.4,32.9,35.5,1067.6,45.4,269.3,Assam & Meghalaya,0
30.0,75.6,7.8,1071.9,23.8,69.6,853.1,125.4,234.2,Konkan & Goa,0
25.8,49.3,4.4,1086.7,16.5,0.0,1002.9,67.3,262.4,Coastal Andhra Pradesh,0
25.8,61.9,0.0,1521.2,11.4,101.8,1273.0,135.0,309.5,Kerala,1
25.9,84.3,4.3,900.8,42.1,80.2,666.2,112.3,138.4,Bihar,0
34.3,58.2,4.9,728.9,9.5,15.0,704.4,0.0,181.6,Bihar,0
28.3,64.4,3.0,867.1,4.4,15.6,807.3,39.8,172.0,Kerala,0
28.5,75.5,4.0,526.6,30.0,110.2,268.6,117.8,93.1,Gangetic West Bengal,0
30.6,,8.0,1073.5,8.1,37.9,941.4,86.1,232.1,Coastal Andhra Pradesh,0
27.8,67.0,6.3,413.9,5.7,35.0,334.2,39.0,107.5,Madhya Maharashtra,0
26.1,62.8,3.2,970.6,0.0,0.0,915.9,54.7,219.4,Vidarbha,0
26.3,87.1,1.8,1225.7,12.8,49.5,1159.6,3.8,295.3,Gangetic West Bengal,1
26.7,90.9,4.3,905.4,18.8,53.2,756.9,76.5,193.4,Vidarbha,1
26.9,81.7,4.6,1676.6,23.6,81.5,1403.1,168.4,349.9,Vidarbha,1
29.5,71.0,6.0,626.3,34.3,18.0,461.8,112.2,106.8,Gangetic West Bengal,0
27.2,60.3,3.9,1467.3,27.9,14.4,1257.4,167.6,322.2,Assam & Meghalaya,0
29.6,60.0,6.0,1308.4,17.1,73.5,1102.5,115.3,257.1,Coastal Karnataka,0
26.7,76.3,,613.5,17.0,90.2,385.2,121.1,72.1,Vidarbha,0
27.3,75.0,6.6,1912.8,27.7,12.9,1713.2,159.0,453.2,Gangetic West Bengal,1
20.0,86.8,4.9,1107.5,39.1,92.4,880.9,95.1,234.8,Gangetic West Bengal,0
30.2,,4.6,792.3,21.9,61.1,636.8,72.5,160.5,East Rajasthan,0
28.2,52.0,4.3,705.0,13.0,92.8,477.9,121.3,152.8,Assam & Meghalaya,0
30.5,82.6,7.4,1035.2,5.1,57.9,834.0,138.2,203.1,Konkan & Goa,0
16.9,58.0,3.7,922.6,0.0,0.0,861.8,60.8,241.9,East Rajasthan,0
34.3,65.4,5.1,1067.3,30.0,55.4,930.8,51.1,236.2,East Rajasthan,0
26.5,73.0,5.1,1016.8,28.7,91.8,810.7,85.6,182.2,Kerala,0
30.9,93.9,4.0,1265.2,28.7,33.2,1090.0,113.3,309.5,Coastal Karnataka,1
23.4,100.0,2.3,962.1,18.1,48.4,783.7,111.9,215.7,Gangetic West Bengal,0
29.1,77.3,5.6,438.3,41.1,54.7,319.5,23.0,77.5,Coastal Karnataka,0
23.3,67.8,4.9,1024.4,12.7,0.0,855.2,156.5,228.3,Coastal Andhra Pradesh,0
24.8,76.4,6.0,388.6,34.3,110.1,189.8,54.4,39.4,Kerala,0
33.7,80.7,3.9,1127.9,19.4,33.0,1006.1,69.4,268.1,Konkan & Goa,0
26.3,66.2,7.4,736.2,10.9,75.2,606.2,43.9,103.7,Coastal Karnataka,0
27.8,91.5,3.2,1223.2,28.9,57.4,949.0,187.9,216.9,Bihar,1
30.0,72.8,8.0,1507.7,26.1,97.7,1294.2,89.7,343.1,Vidarbha,1
28.7,76.0,1.5,759.0,25.4,72.2,615.4,46.0,148.9,Coastal Andhra Pradesh,0
27.5,78.0,5.9,1407.2,21.2,53.0,1218.4,114.6,308.8,Assam & Meghalaya,1
28.3,75.1,6.0,933.4,19.4,33.2,770.0,110.8,165.6,Konkan & Goa,0
35.4,80.1,3.4,1638.2,55.8,83.9,1426.0,72.5,393.5,Coastal Andhra Pradesh,1
26.8,62.6,5.8,945.7,37.8,3.8,790.5,113.6,221.4,Vidarbha,0
27.7,63.3,7.6,805.1,30.8,79.4,647.9,47.0,158.0,Kerala,0
30.7,56.8,0.6,1215.2,21.7,27.0,1106.2,60.3,268.5,Vidarbha,1
30.9,75.3,6.0,902.0,35.1,97.6,769.3,0.0,212.9,East Rajasthan,0
31.2,79.3,0.0,767.2,27.8,64.8,647.6,27.0,201.5,Vidarbha,0
29.2,75.5,3.1,1008.6,20.4,79.3,756.6,152.3,208.2,East Rajasthan,0
23.0,90.1,8.0,1110.2,15.4,62.5,886.6,145.7,265.1,Kerala,0
32.7,69.9,3.8,1411.5,18.8,7.4,1302.7,82.6,307.2,Madhya Maharashtra,1
23.0,78.0,2.7,500.5,0.0,34.2,319.8,146.5,63.6,East Rajasthan,0
28.1,56.9,4.6,1083.9,23.2,80.2,906.9,73.6,202.9,Assam & Meghalaya,1
24.4,65.4,8.0,1235.5,12.7,65.0,1087.5,70.3,280.7,Vidarbha,0
26.8,78.3,1.3,1179.6,43.9,95.4,958.0,82.3,243.0,Vidarbha,1
28.2,80.2,2.9,1460.4,20.3,72.1,1293.0,75.0,320.2,Assam & Meghalaya,1
28.1,66.5,,982.3,2.2,31.0,877.7,71.4,235.6,Bihar,0
28.5,69.1,8.0,1025.7,19.3,36.1,844.6,125.7,235.8,Gangetic West Bengal,1
32.6,51.8,4.8,1231.1,4.3,63.1,5062.320463428568,86.0,238.9,Madhya Maharashtra,1
28.6,65.7,2.5,1065.4,27.1,0.0,929.8,108.5,220.5,Konkan & Goa,0
26.1,80.7,8.0,1038.8,24.4,110.2,782.9,121.3,212.1,East Rajasthan,0
30.4,76.9,8.0,1258.0,34.4,73.3,1054.8,95.5,254.3,Assam & Meghalaya,0
31.2,76.0,6.4,850.3,8.1,96.8,2494.1159198991463,41.2,160.1,Kerala,1
22.7,70.6,3.4,775.6,20.5,12.6,716.6,25.9,199.5,East Rajasthan,0
29.1,70.1,4.9,924.9,0.0,97.3,741.6,86.0,159.6,Gangetic West Bengal,0
29.5,62.1,4.7,1536.4,30.5,126.9,1305.9,73.1,320.4,Kerala,1
26.0,78.4,5.7,131.7,27.8,20.4,0.0,83.5,6.6,Coastal Andhra Pradesh,0
31.8,75.1,7.9,1208.6,27.4,83.1,1018.7,79.4,243.2,Vidarbha,1
26.5,75.9,6.8,1173.6,20.0,60.0,910.3,183.3,243.2,Coastal Andhra Pradesh,0
27.4,63.7,2.8,462.4,26.2,13.7,395.7,26.8,87.5,East Rajasthan,0
26.4,44.2,7.8,1112.2,44.1,74.8,992.9,0.4,276.4,Gangetic West Bengal,0
27.1,83.2,5.6,1236.7,15.7,85.0,1042.7,93.3,258.2,Madhya Maharashtra,0
23.2,64.3,6.4,1205.9,22.1,42.0,1076.9,64.9,282.7,East Rajasthan,1
22.0,59.6,7.9,295.8,3.7,95.0,104.5,92.6,41.0,Assam & Meghalaya,0
32.6,78.3,2.8,1430.3,7.0,10.0,1309.9,103.4,314.9,Coastal Karnataka,1
24.0,65.3,4.9,846.8,21.5,15.2,678.7,131.4,128.6,East Rajasthan,0
23.5,82.7,3.9,1226.4,36.6,64.1,1106.0,19.7,283.7,Vidarbha,1
19.5,77.4,1.9,1257.0,16.2,60.8,1122.3,57.7,282.0,Vidarbha,1
24.8,78.2,5.7,789.2,16.5,38.5,637.0,97.2,170.4,East Rajasthan,0
22.4,53.6,8.0,1307.1,13.9,84.3,1098.1,110.8,270.0,Kerala,0
32.7,84.5,1.3,1040.0,12.0,75.9,784.4,167.7,187.5,Coastal Karnataka,0
30.5,73.1,4.9,506.9,24.4,85.7,278.6,118.2,109.8,Assam & Meghalaya,0
24.6,65.6,6.3,1384.3,0.0,56.3,1250.3,77.7,283.1,East Rajasthan,1
34.9,71.7,5.2,829.2,39.2,78.1,667.5,44.4,181.6,Kerala,0
30.4,48.7,4.8,757.7,10.0,46.6,643.7,57.4,149.4,Vidarbha,0
25.9,74.9,2.4,987.8,30.8,121.6,779.1,56.3,188.1,Vidarbha,0
,57.6,5.5,1124.5,1.0,35.6,981.7,106.2,239.1,Gangetic West Bengal,0
35.0,53.8,3.5,1126.3,30.0,123.2,882.8,90.3,204.6,East Rajasthan,0
22.1,51.7,0.6,1182.6,30.1,61.0,1064.4,27.1,277.5,Coastal Karnataka,0
21.2,83.4,7.4,605.3,25.8,18.7,498.2,62.6,152.4,Bihar,0
30.6,62.4,6.9,898.5,5.1,101.0,677.3,115.1,178.7,Coastal Karnataka,1
35.5,88.4,5.1,1046.8,23.7,63.8,865.2,94.1,218.4,Vidarbha,0
31.8,63.6,5.5,1659.9,2.3,85.5,1469.4,102.7,347.6,Vidarbha,1
29.0,49.5,7.1,1074.1,16.2,96.7,865.9,95.3,226.8,Coastal Andhra Pradesh,0
29.1,56.6,5.4,1476.2,35.4,70.1,1225.6,145.1,349.5,Vidarbha,1
30.0,84.8,6.8,1075.2,32.0,42.2,911.6,89.4,220.3,Assam & Meghalaya,0
29.7,68.1,4.4,929.0,20.2,89.3,754.9,64.6,181.2,Konkan & Goa,0
28.0,,7.6,934.8,5.4,60.0,826.0,43.4,195.3,East Rajasthan,0
27.4,71.9,5.6,1049.8,29.7,80.6,849.5,90.0,202.6,Coastal Karnataka,0
26.8,76.0,5.4,1101.4,20.3,0.0,1081.1,0.0,215.4,Konkan & Goa,1
24.4,83.4,2.5,1458.4,0.0,73.4,1312.4,72.6,336.2,Kerala,1
26.0,87.4,5.6,1152.2,31.7,40.8,1007.9,71.8,235.1,Bihar,1
21.1,65.7,3.3,1410.7,19.6,109.6,1256.1,25.4,281.8,Assam & Meghalaya,1
26.7,54.1,3.7,770.2,38.0,78.7,610.6,42.9,167.7,Coastal Karnataka,0
23.5,65.0,3.4,958.8,3.6,67.2,775.6,112.4,172.3,Konkan & Goa,1
23.1,73.1,2.9,846.5,0.0,74.6,682.7,89.2,163.9,Bihar,1
27.6,58.4,8.0,1132.6,24.2,30.0,994.3,84.1,277.9,Coastal Andhra Pradesh,0
31.9,58.5,7.7,1017.7,24.4,108.7,792.3,92.3,169.9,Assam & Meghalaya,0
30.2,74.1,8.0,1322.3,0.0,119.7,1118.9,83.7,249.1,Assam & Meghalaya,0
21.5,69.4,2.6,827.5,5.3,71.8,620.7,129.7,160.6,Coastal Andhra Pradesh,0
23.5,70.4,5.1,1166.8,61.3,107.7,3036.152224080468,84.9,251.2,East Rajasthan,1
30.3,60.9,2.4,1186.1,15.4,42.9,1106.1,21.7,245.0,Coastal Andhra Pradesh,0
23.6,67.2,3.6,492.7,31.0,36.1,280.4,145.2,78.3,Assam & Meghalaya,0
26.2,58.9,3.2,1702.7,10.2,61.2,1536.5,94.8,395.7,Assam & Meghalaya,1
28.9,80.7,7.5,944.5,0.0,73.0,815.1,56.4,162.6,Konkan & Goa,0
23.6,82.4,4.2,388.0,17.4,48.2,292.5,29.9,89.1,Vidarbha,0
27.4,47.8,7.1,1135.3,16.0,76.1,947.4,95.8,254.4,Bihar,0
22.3,58.8,6.2,1068.5,14.0,69.2,910.0,75.3,221.3,Coastal Andhra Pradesh,1
24.9,52.0,8.0,1066.8,18.3,30.1,875.4,143.0,243.9,Bihar,0
28.1,62.2,2.0,1363.2,24.0,75.6,1197.4,66.2,322.1,Coastal Andhra Pradesh,1
21.4,69.0,7.5,1274.3,17.7,85.9,1124.2,46.5,283.1,Kerala,1
28.5,52.6,7.3,1171.3,1.0,65.1,989.4,115.8,238.3,Assam & Meghalaya,1
26.9,58.9,3.1,1273.9,27.3,94.6,1035.0,117.0,239.3,Vidarbha,1
28.9,58.0,7.0,978.9,0.0,23.5,868.7,86.7,216.4,Konkan & Goa,0
27.8,72.5,5.7,1613.7,0.0,74.0,1432.6,107.1,369.5,Vidarbha,1
31.8,70.8,4.5,590.7,31.1,24.9,456.2,78.5,107.6,Vidarbha,0
27.4,61.3,3.4,1085.5,27.6,26.6,941.9,89.4,191.5,Vidarbha,0
25.5,72.1,3.6,1106.3,19.1,41.1,919.5,126.6,255.2,Bihar,0
27.4,63.4,8.0,1280.7,0.0,31.7,1144.0,105.0,289.8,Coastal Andhra Pradesh,0
28.9,66.7,5.0,773.0,9.4,43.6,646.8,73.2,154.1,Madhya Maharashtra,0
27.2,90.1,6.6,580.7,16.1,53.6,376.9,134.1,111.4,Kerala,0
27.1,86.1,3.4,1032.1,0.0,85.1,947.0,0.0,267.2,Coastal Karnataka,1
24.5,54.4,3.4,1205.8,8.9,50.4,984.4,162.1,190.1,Vidarbha,0
24.7,80.0,7.2,1400.9,29.8,12.4,1346.9,11.8,345.4,East Rajasthan,1
22.1,79.7,2.3,709.4,41.4,94.2,518.9,54.9,101.2,Bihar,0
33.1,56.2,4.2,1373.4,13.7,34.9,1246.4,78.4,321.6,Konkan & Goa,0
22.6,79.8,5.1,1773.8,31.3,58.2,1610.2,74.1,405.1,Coastal Karnataka,1
24.6,88.5,5.2,980.4,0.0,73.4,786.7,120.3,209.4,Madhya Maharashtra,0
24.5,56.5,4.6,646.3,29.9,66.0,512.7,37.7,118.2,East Rajasthan,0
30.1,59.0,5.8,969.0,7.9,92.8,777.9,90.4,157.0,Madhya Maharashtra,0
26.0,82.2,6.4,1060.1,24.6,74.4,904.2,56.9,217.0,Coastal Karnataka,0
31.4,73.3,6.5,1211.4,16.3,34.2,1069.1,91.8,275.4,Vidarbha,0
24.6,76.6,3.0,965.2,39.8,125.4,722.6,77.4,201.0,East Rajasthan,0
28.0,74.1,4.4,1523.0,6.9,65.8,1366.6,83.7,318.2,Madhya Maharashtra,0
24.1,74.7,7.4,708.6,29.4,55.6,565.6,58.0,161.9,Konkan & Goa,0
34.5,54.1,6.8,542.5,15.8,88.9,378.2,59.6,81.6,Coastal Andhra Pradesh,0
22.8,82.6,2.3,1408.6,17.6,67.5,1232.0,91.5,315.2,Assam & Meghalaya,1
28.1,84.0,5.7,424.5,17.2,72.0,217.6,117.7,44.2,Coastal Andhra Pradesh,0
29.2,67.2,1.0,1037.0,7.3,134.8,838.8,56.1,213.3,Coastal Karnataka,1
28.4,69.5,5.1,1952.0,19.8,51.7,1835.3,45.2,476.7,Bihar,1
26.4,51.6,8.0,1070.5,19.1,50.5,896.4,104.5,199.6,Assam & Meghalaya,0
26.5,76.2,,729.6,23.6,63.5,563.8,78.7,127.4,Kerala,0
27.2,76.9,3.3,1109.4,21.3,92.1,882.8,113.2,224.4,Konkan & Goa,0
26.5,69.3,6.5,975.4,32.0,14.8,884.8,43.8,269.2,Kerala,0
30.4,83.5,1.9,991.9,33.9,1.0,948.2,8.8,219.8,East Rajasthan,0
34.7,66.0,3.7,1204.0,4.2,42.4,1098.7,58.7,315.5,Assam & Meghalaya,1
25.0,76.8,6.2,681.6,33.0,11.0,588.3,49.3,187.2,Kerala,0
22.2,57.8,3.7,1532.6,2.2,47.3,1406.3,76.8,349.6,Kerala,1
26.7,69.7,4.5,1131.9,28.8,75.1,973.5,54.5,237.4,Madhya Maharashtra,0
36.0,67.9,6.5,1290.2,29.3,33.3,1118.0,109.6,265.7,Coastal Andhra Pradesh,1
24.2,72.7,5.8,797.3,0.0,17.2,711.6,68.5,176.5,Madhya Maharashtra,0
,65.6,5.5,1455.4,21.4,62.1,1285.9,86.0,293.3,Assam & Meghalaya,0
32.9,68.4,4.3,1008.1,13.0,85.9,822.9,86.3,204.2,Assam & Meghalaya,0
25.1,79.9,5.7,1088.9,8.6,9.2,983.3,87.8,275.8,Coastal Karnataka,1
29.0,64.8,,824.0,40.3,84.6,620.1,79.0,142.8,Madhya Maharashtra,0
32.7,50.7,5.9,796.0,10.2,84.5,600.9,100.4,145.4,Gangetic West Bengal,0
,91.0,4.0,1251.2,7.9,88.6,1106.5,48.2,242.6,Coastal Andhra Pradesh,0
26.3,86.6,4.6,1020.6,21.1,96.6,766.9,136.0,199.2,Assam & Meghalaya,0
25.0,54.5,3.0,870.8,30.3,126.1,643.9,70.5,166.3,Coastal Karnataka,0
23.4,78.3,4.9,801.7,17.9,49.3,707.0,27.5,178.0,Madhya Maharashtra,0
24.7,64.0,3.4,1298.0,37.5,63.3,1109.7,87.5,273.1,Coastal Andhra Pradesh,1
22.7,73.2,2.8,832.8,28.0,47.5,711.3,46.0,172.0,Madhya Maharashtra,0
27.1,73.5,5.5,1031.4,0.0,60.1,864.7,106.6,226.2,Kerala,0
24.3,67.2,5.4,1191.0,12.1,106.0,904.5,168.4,225.5,Coastal Karnataka,0
27.8,60.6,6.6,404.5,11.6,19.6,324.8,48.5,87.5,Coastal Andhra Pradesh,0
21.6,61.7,4.1,613.4,27.2,34.2,458.7,93.3,119.0,Vidarbha,0
28.2,59.0,5.8,1112.0,0.0,101.3,1000.9,9.8,272.7,East Rajasthan,1
29.9,60.0,6.1,925.9,58.2,90.6,678.9,98.2,183.3,East Rajasthan,0
20.0,69.2,5.9,1338.7,28.0,49.1,1217.0,44.6,308.1,Coastal Andhra Pradesh,1
28.3,61.4,3.3,1352.8,22.2,85.6,1190.0,55.0,327.9,Madhya Maharashtra,1
31.3,78.2,5.3,1259.6,37.7,70.2,1115.8,35.9,287.4,Coastal Karnataka,0
22.8,87.8,5.7,1715.4,55.2,105.0,1445.9,109.3,387.6,East Rajasthan,1
32.9,63.0,5.0,1090.7,33.1,62.2,875.1,120.3,230.9,Coastal Karnataka,0
28.5,72.9,0.8,1300.6,34.2,90.8,1094.7,80.9,236.8,East Rajasthan,0
24.5,,5.3,931.4,22.0,139.3,724.7,45.4,207.3,Kerala,0
26.8,75.7,8.0,1875.1,17.9,77.9,1635.7,143.6,411.6,Madhya Maharashtra,1
29.0,70.9,4.3,1619.5,12.9,61.5,1495.1,50.0,372.7,Kerala,1
27.3,78.9,3.5,992.9,7.6,81.7,903.6,0.0,231.5,East Rajasthan,0
28.9,75.8,5.7,1173.0,9.7,49.0,1016.0,98.3,247.1,Vidarbha,1
23.8,55.1,5.6,1475.2,0.0,131.6,1307.8,35.8,331.5,Vidarbha,0
27.6,80.4,7.4,1059.7,18.9,65.4,855.9,119.5,202.1,Kerala,0
22.1,80.6,2.5,819.6,0.0,51.8,703.0,64.8,201.2,Vidarbha,0
26.6,60.8,6.5,1324.1,22.9,34.9,1162.2,104.1,288.3,East Rajasthan,1
23.8,70.5,6.2,1172.0,19.5,92.9,923.5,136.1,223.2,Coastal Andhra Pradesh,0
24.4,78.2,4.7,1094.7,22.2,86.0,954.9,31.6,220.2,Kerala,1
31.3,67.5,5.7,764.4,12.2,45.1,649.7,57.4,167.8,Bihar,0
30.8,82.9,7.1,605.2,66.2,77.3,384.7,77.0,99.9,Madhya Maharashtra,0
29.1,98.4,6.7,1167.4,40.4,14.7,970.8,141.5,250.5,Vidarbha,1
23.2,60.6,2.7,1292.0,1.3,65.5,1171.5,53.7,272.3,Vidarbha,0
25.9,53.4,6.6,985.6,23.5,73.6,2569.0531189310263,56.2,176.1,Assam & Meghalaya,1
31.2,73.6,4.9,1552.1,10.9,111.2,1330.9,99.1,345.2,Gangetic West Bengal,1
27.5,78.7,5.1,787.4,4.8,36.9,688.8,56.9,201.9,Kerala,0
35.1,67.2,5.1,691.3,0.0,21.6,583.6,86.1,125.4,Konkan & Goa,0
28.4,87.4,4.7,957.3,26.5,33.1,879.8,17.9,251.7,Vidarbha,0
27.7,53.9,7.4,1073.5,9.8,19.9,875.2,168.6,224.5,Madhya Maharashtra,1
25.9,78.3,4.8,1291.7,34.5,100.1,1131.0,26.1,282.6,Bihar,1
27.5,62.7,2.8,876.0,34.9,106.5,667.5,67.1,158.9,Vidarbha,0
26.5,90.6,4.2,1499.3,40.6,69.6,1310.4,78.7,299.9,Bihar,1
29.5,93.9,5.4,1750.4,7.2,96.6,1490.1,156.5,392.3,East Rajasthan,1
30.3,60.8,7.5,1006.4,27.1,64.0,888.3,27.0,206.6,East Rajasthan,0
24.2,63.4,6.2,1520.8,29.5,57.1,1274.9,159.3,303.1,Gangetic West Bengal,1
22.3,80.3,3.3,756.3,12.9,50.0,583.1,110.3,165.6,Coastal Andhra Pradesh,0
20.6,65.4,8.0,1378.4,8.4,50.7,1222.6,96.7,268.0,Konkan & Goa,1
28.8,69.5,5.5,1312.5,44.1,13.6,1214.2,40.6,273.1,Assam & Meghalaya,0
23.1,70.3,7.6,1353.1,23.4,67.9,1159.0,102.8,289.4,Gangetic West Bengal,0
19.5,47.0,4.7,1034.7,29.5,58.8,895.3,51.1,229.7,Coastal Karnataka,0
28.4,69.8,6.1,234.5,7.7,82.4,13.7,130.7,13.1,Assam & Meghalaya,0
35.7,61.7,6.7,813.2,1.7,62.8,707.5,41.2,170.8,Kerala,0
27.0,,7.4,854.3,11.5,55.1,712.2,75.5,228.7,Madhya Maharashtra,0
29.9,87.3,7.1,716.3,18.1,33.9,606.5,57.8,147.1,Coastal Karnataka,0
27.3,54.9,6.7,1043.4,4.0,62.2,936.7,40.5,229.6,Coastal Karnataka,0
26.7,79.8,4.4,986.0,19.9,82.1,774.3,109.7,177.6,Gangetic West Bengal,0
30.2,66.7,3.9,779.7,0.0,25.7,652.6,101.4,165.6,Coastal Andhra Pradesh,0
,66.6,5.7,776.6,3.2,62.6,582.4,128.4,157.9,Gangetic West Bengal,0
27.9,79.5,6.9,791.2,30.1,67.0,685.3,8.8,195.4,Kerala,1
,74.1,4.6,1426.6,29.1,38.5,1236.4,122.6,279.3,Vidarbha,0
24.7,76.8,7.1,938.4,14.1,42.4,701.7,180.2,170.5,Vidarbha,0
30.5,81.6,7.9,879.0,4.7,66.9,745.5,61.9,195.3,Coastal Andhra Pradesh,0
26.4,66.0,3.2,949.4,4.6,26.0,763.0,155.8,202.5,Kerala,1
24.4,62.7,3.3,1156.1,14.4,70.5,1001.7,69.5,250.6,Coastal Andhra Pradesh,1
28.9,57.0,4.7,1124.8,29.7,33.1,1036.9,25.1,270.1,Bihar,0
23.9,60.1,5.6,193.6,33.9,91.9,0.0,67.8,0.0,Vidarbha,0
27.1,100.0,4.0,1471.1,12.6,130.1,1206.5,121.9,332.8,Coastal Karnataka,1
27.0,84.9,7.7,1414.3,2.7,34.2,1330.9,46.5,352.6,Konkan & Goa,1
30.8,53.8,5.8,740.9,24.0,76.0,584.9,56.0,119.3,Madhya Maharashtra,0
28.7,54.1,5.1,757.8,7.6,38.2,608.3,103.7,130.6,Kerala,0
26.9,75.8,2.1,948.4,12.2,91.2,764.9,80.1,170.3,Assam & Meghalaya,0
29.9,76.6,2.4,838.5,39.9,22.0,673.2,103.4,181.9,Coastal Andhra Pradesh,0
31.9,76.6,5.6,1163.5,32.4,74.4,967.2,89.5,216.1,Madhya Maharashtra,1
29.0,66.9,0.7,471.4,22.4,33.8,316.0,99.2,72.4,Assam & Meghalaya,0
27.0,68.5,7.0,682.0,0.9,53.8,564.6,62.7,150.2,Madhya Maharashtra,0
22.4,73.9,4.7,1503.4,23.2,29.1,1361.8,89.3,339.1,Konkan & Goa,1
23.3,71.0,8.0,785.0,35.9,84.7,621.5,42.9,160.6,Assam & Meghalaya,1
25.9,43.4,8.0,1453.8,14.4,34.9,1273.0,131.5,296.9,Gangetic West Bengal,1
24.9,67.2,4.6,1178.1,40.3,76.6,1006.6,54.6,263.5,East Rajasthan,1
26.3,59.8,4.8,571.5,39.4,49.7,357.2,125.2,77.0,Gangetic West Bengal,0
27.2,72.1,7.0,1262.9,45.0,56.6,1090.6,70.7,266.2,Vidarbha,0
28.9,100.0,8.0,1041.8,24.6,64.4,864.7,88.1,220.9,East Rajasthan,1
26.8,74.4,1.7,889.5,28.8,37.1,763.4,60.2,192.9,Gangetic West Bengal,0
28.7,66.2,1.4,1120.4,41.2,66.3,973.5,39.4,243.9,East Rajasthan,0
27.2,81.1,3.8,1185.2,26.7,105.9,1042.4,10.2,245.6,East Rajasthan,1
20.1,75.8,6.2,1199.3,12.5,36.7,1112.3,37.8,272.1,Coastal Karnataka,1
23.7,75.0,6.0,1429.0,13.3,95.2,1253.5,67.0,313.4,Coastal Andhra Pradesh,0
26.5,77.3,7.1,1239.4,23.6,104.9,1022.4,88.5,228.1,Coastal Andhra Pradesh,1
22.8,94.7,2.6,643.8,0.6,35.5,487.3,120.4,112.6,Coastal Karnataka,0
29.1,56.4,0.4,854.3,17.9,16.3,757.9,62.2,197.2,Madhya Maharashtra,0
32.4,75.7,6.7,1933.1,36.4,69.1,1782.9,44.7,420.2,Bihar,1
31.3,58.9,3.3,1183.2,0.0,43.6,1117.3,22.3,302.5,Madhya Maharashtra,1
26.3,76.7,1.0,1869.1,43.0,116.1,1610.8,99.2,428.1,Assam & Meghalaya,1
32.2,59.0,5.3,1551.7,36.8,61.0,1318.6,135.3,304.7,Assam & Meghalaya,1
27.5,65.0,6.6,1152.2,13.1,35.9,972.5,130.7,270.3,East Rajasthan,0
25.8,66.5,4.8,1152.6,28.2,25.6,990.4,108.4,244.7,Gangetic West Bengal,1
24.9,81.7,4.1,1107.2,20.0,92.7,889.0,105.5,230.6,Gangetic West Bengal,1
25.9,81.0,4.7,607.9,38.4,42.9,378.7,147.9,84.7,Coastal Andhra Pradesh,0
25.6,55.1,4.3,1094.7,34.7,61.3,905.4,93.3,244.8,Kerala,1
27.6,70.7,2.3,1457.7,0.0,88.7,1263.2,105.8,323.9,Madhya Maharashtra,0
27.6,61.5,3.6,861.6,28.8,45.5,720.1,67.2,163.7,Vidarbha,0
27.0,54.9,6.0,1124.6,16.9,58.6,1023.6,25.5,232.6,Konkan & Goa,0
28.5,67.4,5.6,1288.8,21.2,59.5,1155.5,52.6,259.7,Gangetic West Bengal,1
31.2,66.3,5.3,796.3,9.1,80.5,627.1,79.6,160.5,Konkan & Goa,0
30.3,99.1,3.0,970.9,46.2,77.7,764.6,82.4,202.6,East Rajasthan,0
21.8,75.2,4.6,840.7,35.6,53.4,594.6,157.1,161.7,Konkan & Goa,0
18.1,53.5,0.6,807.5,8.9,61.9,653.4,83.3,161.0,Vidarbha,0
30.3,63.2,5.4,689.7,0.0,48.8,513.7,127.2,105.3,Coastal Karnataka,0
22.2,82.3,7.9,722.4,14.2,15.7,629.9,62.6,143.8,Vidarbha,0
26.2,95.1,2.1,1487.5,26.5,67.7,1325.8,67.5,354.5,Konkan & Goa,1
22.9,51.0,3.8,792.6,23.6,116.8,625.4,26.8,146.7,Vidarbha,0
20.7,47.4,5.7,1060.5,38.8,33.5,937.9,50.3,237.3,Bihar,1
28.9,92.5,7.5,918.8,31.8,36.8,749.1,101.1,165.8,East Rajasthan,0
29.7,74.7,4.1,1402.4,34.5,33.9,1253.7,80.3,320.2,Madhya Maharashtra,1
25.0,59.6,3.6,1517.6,24.9,81.7,1293.3,117.7,314.2,Coastal Karnataka,0
17.9,76.4,1.1,1320.0,0.0,73.5,1159.2,87.3,310.7,Gangetic West Bengal,1
25.1,38.4,5.2,1130.0,17.1,55.2,991.8,65.9,263.4,Assam & Meghalaya,0
28.4,70.0,8.0,1065.0,35.9,32.5,830.7,165.9,197.8,Madhya Maharashtra,0
21.8,73.9,5.6,700.6,19.2,62.8,542.4,76.2,133.1,Assam & Meghalaya,0
27.6,81.1,5.0,1650.2,27.5,13.1,1483.1,126.5,359.8,East Rajasthan,1
26.9,57.8,5.6,815.6,15.2,64.3,672.1,64.0,139.6,Coastal Karnataka,0
29.0,71.0,5.0,1298.2,4.6,86.1,1099.1,108.4,257.6,Coastal Andhra Pradesh,0
27.4,58.9,3.4,1375.6,18.1,22.5,1217.9,117.1,308.4,Gangetic West Bengal,1
23.6,73.1,6.6,860.3,24.6,14.0,733.4,88.3,189.9,Bihar,0
31.2,59.3,5.5,1329.0,10.2,107.4,1211.4,0.0,305.8,Coastal Andhra Pradesh,1
26.4,65.1,5.0,1268.1,16.5,41.6,1129.3,80.7,276.3,East Rajasthan,0
26.9,58.1,3.0,1647.6,5.9,94.1,1418.4,129.2,373.3,Madhya Maharashtra,1
23.7,77.8,7.6,952.5,36.8,55.4,759.2,101.1,191.1,Bihar,0
25.4,80.3,6.3,682.7,15.6,55.1,514.2,97.8,142.6,Vidarbha,0
23.9,67.2,3.9,874.5,41.8,73.2,748.4,11.1,151.6,Konkan & Goa,1
26.4,70.5,7.0,1090.3,42.9,33.5,962.7,51.2,162.2,Bihar,0
33.0,52.6,4.0,1096.8,18.8,64.0,917.5,96.5,235.1,East Rajasthan,0
22.2,66.4,3.4,931.9,4.9,48.6,782.0,96.4,167.0,Kerala,0
21.4,69.4,3.5,476.2,0.0,20.4,327.2,128.6,77.6,Konkan & Goa,0
32.1,100.0,1.5,1185.4,0.0,70.1,1041.1,74.2,254.2,Assam & Meghalaya,1
26.3,56.7,5.9,1640.0,0.0,52.1,1491.7,96.2,404.7,Gangetic West Bengal,1
24.7,87.6,,1216.0,40.7,55.3,1039.3,80.7,267.8,Assam & Meghalaya,1
30.6,82.0,,1168.6,21.7,23.7,1082.7,40.5,274.0,Bihar,0
24.9,73.4,0.8,1205.2,25.8,107.7,1071.7,0.0,284.7,Assam & Meghalaya,1
33.4,91.1,4.8,1202.6,0.0,86.3,1019.1,97.2,262.1,East Rajasthan,0
29.4,74.5,4.7,1357.4,2.0,88.9,1179.5,87.0,285.7,Vidarbha,1
25.3,74.7,4.3,1158.0,33.3,50.8,1018.6,55.3,276.1,Madhya Maharashtra,1
34.6,69.4,2.9,853.8,24.3,8.1,3493.5023736935154,15.2,179.4,Gangetic West Bengal,1
24.9,84.7,2.7,902.8,17.8,118.6,661.2,105.2,171.8,Assam & Meghalaya,1
29.6,83.2,5.9,981.4,28.5,58.2,825.3,69.4,175.4,Assam & Meghalaya,0
28.0,62.5,3.9,1178.5,44.5,37.5,994.2,102.3,252.6,Bihar,0
31.6,54.2,5.6,1049.0,16.7,72.5,805.2,154.6,205.2,Madhya Maharashtra,0
32.5,67.6,3.2,1110.3,21.0,95.0,994.3,0.0,282.1,Coastal Andhra Pradesh,0
27.1,60.4,5.4,1165.9,22.9,59.3,1031.7,52.0,226.6,Assam & Meghalaya,0
24.4,69.2,7.6,1375.9,55.9,98.4,1150.0,71.6,275.5,East Rajasthan,0
28.6,84.8,6.2,1515.5,0.0,92.5,1284.8,138.2,337.7,Kerala,1
24.6,64.5,4.2,995.8,30.2,27.7,923.4,14.5,237.6,Gangetic West Bengal,0
34.0,69.5,5.5,723.2,18.3,39.8,507.7,157.4,130.5,Assam & Meghalaya,0
27.5,70.7,4.5,999.1,28.5,88.7,796.5,85.4,180.0,East Rajasthan,0
25.7,80.2,5.0,999.5,10.1,0.0,913.2,76.2,216.5,East Rajasthan,1
27.6,43.0,4.3,496.2,19.3,55.5,349.3,72.1,112.2,Gangetic West Bengal,0
22.3,62.7,4.7,1426.9,30.7,17.1,1316.6,62.5,328.1,Coastal Andhra Pradesh,1
23.6,72.5,5.4,1177.0,66.7,45.7,942.7,121.9,243.2,East Rajasthan,0
31.2,84.4,3.0,1134.8,32.1,51.0,1014.4,37.3,251.3,Kerala,0
24.7,64.1,3.0,1460.1,7.3,49.3,1309.7,93.8,303.8,East Rajasthan,1
23.3,47.5,2.2,832.6,13.6,43.4,711.0,64.6,196.4,East Rajasthan,0
28.9,77.4,1.8,1162.0,13.2,27.1,1072.2,49.5,278.1,East Rajasthan,0
31.1,62.4,2.6,1179.2,0.0,128.8,867.0,183.4,262.9,Vidarbha,1
29.5,55.7,5.3,1072.6,15.0,116.0,844.8,96.8,190.9,Vidarbha,0
30.5,62.5,3.2,828.9,31.0,25.1,668.3,104.5,183.5,Coastal Andhra Pradesh,0
24.4,67.8,6.0,1633.6,0.9,107.5,1399.7,125.5,323.7,Assam & Meghalaya,1
22.0,62.7,5.1,894.1,35.7,48.0,787.3,23.1,200.0,East Rajasthan,1
32.3,43.5,1.1,1351.1,27.3,63.9,1109.8,150.1,297.0,Madhya Maharashtra,0
25.9,80.8,6.3,404.6,9.0,58.1,337.5,0.0,42.9,Assam & Meghalaya,0
26.1,85.3,6.6,1361.3,17.9,40.2,1254.0,49.2,309.4,Coastal Andhra Pradesh,1
31.6,77.8,3.0,1410.8,44.0,89.5,1215.7,61.6,292.7,Coastal Karnataka,1
28.9,56.3,5.8,1127.3,31.0,63.8,929.2,103.3,218.3,Assam & Meghalaya,0
28.6,67.6,3.3,986.4,20.1,45.7,831.9,88.7,215.7,Assam & Meghalaya,0
34.6,69.9,5.2,1130.6,16.4,20.9,1020.0,73.3,277.4,Konkan & Goa,0
24.7,77.2,2.5,1720.4,21.1,33.2,1586.6,79.5,394.0,Bihar,1
30.2,78.0,1.4,435.0,12.3,10.8,371.0,40.9,96.9,Konkan & Goa,0
27.2,61.2,4.2,1215.1,0.0,60.4,1134.6,20.1,285.9,Kerala,1
27.9,71.0,4.8,810.3,50.6,24.1,626.5,109.1,156.7,Vidarbha,0
32.3,75.5,4.2,1076.0,22.3,52.0,894.0,107.7,201.7,Vidarbha,0
28.8,87.5,2.6,1096.1,26.0,101.1,825.6,143.4,228.6,Bihar,1
28.9,78.5,4.2,935.0,19.1,96.0,771.5,48.4,198.8,Gangetic West Bengal,0
30.8,79.5,5.5,1072.6,9.0,59.0,896.9,107.7,232.1,Gangetic West Bengal,0
25.7,71.0,4.9,703.0,17.2,57.4,559.7,68.7,123.8,Coastal Andhra Pradesh,0
24.1,86.9,5.4,1452.8,0.0,116.4,1208.8,127.6,293.0,Bihar,1
23.3,74.9,3.7,612.5,54.2,75.6,361.8,120.9,86.9,Assam & Meghalaya,0
20.1,59.7,7.3,1202.0,1.5,50.2,1061.9,88.4,234.8,Gangetic West Bengal,0
34.2,86.8,2.6,890.1,4.5,17.2,802.0,66.4,166.7,East Rajasthan,1
23.1,78.4,6.0,752.3,13.4,71.8,548.7,118.4,125.2,Madhya Maharashtra,0
26.2,64.7,7.4,1190.8,39.3,84.9,960.7,105.9,250.6,Assam & Meghalaya,0
26.0,64.2,6.0,546.8,20.2,41.1,432.9,52.6,95.2,Kerala,0
28.1,73.6,4.6,1009.0,1.5,68.7,911.9,26.9,207.6,East Rajasthan,0
29.9,75.6,3.9,629.5,38.8,49.1,473.1,68.5,102.0,East Rajasthan,0
30.0,72.4,7.1,1264.5,31.0,54.5,1038.4,140.6,250.5,Bihar,0
25.0,73.7,2.2,776.7,28.1,0.0,622.7,125.9,148.6,Coastal Andhra Pradesh,0
26.4,90.4,3.1,884.2,30.7,53.3,764.7,35.5,234.5,Kerala,1
28.0,82.9,4.2,1166.5,55.9,89.1,988.2,33.3,268.1,Gangetic West Bengal,0
26.1,72.3,7.5,893.1,52.8,41.1,668.2,131.0,187.5,Bihar,0
32.6,81.3,5.8,988.5,9.7,61.6,882.6,34.6,244.0,Gangetic West Bengal,0
28.7,57.6,3.1,628.0,44.4,37.3,445.9,100.4,91.5,Bihar,0
29.6,74.8,4.4,1241.2,25.7,70.8,1089.3,55.4,247.9,Bihar,1
29.3,91.7,3.8,1655.2,27.5,53.5,1429.5,144.7,335.2,Bihar,1
31.1,67.4,3.6,1818.7,0.0,31.8,1737.7,49.2,461.1,Coastal Andhra Pradesh,1
27.6,59.8,7.0,1170.5,17.4,100.0,927.4,125.7,220.9,Bihar,0
22.5,62.2,2.3,1319.6,7.8,87.9,1136.5,87.4,259.1,Coastal Karnataka,1
28.4,56.9,8.0,530.2,32.4,41.9,365.8,90.1,82.8,Madhya Maharashtra,0
24.7,60.6,6.7,1463.0,36.1,74.9,1350.8,1.2,332.9,Gangetic West Bengal,0
25.1,,7.2,1209.0,0.0,76.1,1132.9,0.0,288.6,Assam & Meghalaya,0
29.1,53.1,4.1,925.0,19.7,79.3,754.8,71.2,193.7,Konkan & Goa,0
31.3,70.2,4.7,1407.1,36.8,9.2,1271.2,89.9,301.2,Kerala,1
27.1,80.8,2.1,966.1,17.2,90.2,823.7,35.0,219.6,Vidarbha,0
28.1,59.1,4.0,872.9,30.9,42.9,762.6,36.5,177.9,Coastal Andhra Pradesh,0
33.0,88.2,6.0,1219.7,25.3,49.3,1042.6,102.5,257.5,Assam & Meghalaya,1
27.8,76.1,7.6,847.7,25.1,139.1,581.0,102.5,159.0,East Rajasthan,0
36.1,82.4,2.8,1366.0,15.9,69.1,1206.5,74.5,288.8,Coastal Karnataka,0
29.0,62.1,4.3,744.6,1.8,48.4,583.2,111.2,134.4,Vidarbha,0
20.8,80.3,4.7,621.2,3.2,0.0,585.0,33.0,158.1,Konkan & Goa,0
29.6,56.9,2.2,825.2,30.6,101.7,627.1,65.8,139.6,Assam & Meghalaya,1
28.3,80.7,6.2,1313.7,20.3,19.6,1127.9,145.9,274.3,Vidarbha,1
31.5,72.1,3.6,845.5,17.9,29.9,715.0,82.7,189.9,Assam & Meghalaya,0
29.4,76.6,,644.4,13.6,50.1,495.6,85.1,165.0,Coastal Karnataka,0
26.5,55.9,4.1,1008.4,15.4,102.5,718.3,172.2,191.7,Konkan & Goa,0
22.7,59.3,3.4,1033.3,35.7,83.2,890.4,24.0,232.1,East Rajasthan,0
26.3,77.2,5.0,727.9,15.0,55.3,545.7,111.9,147.0,Bihar,0
24.0,58.6,4.6,770.3,0.0,69.2,554.5,146.6,117.2,Gangetic West Bengal,0
25.0,75.6,4.3,1673.6,31.2,42.0,1533.4,67.0,385.7,East Rajasthan,1
29.1,53.6,3.5,837.3,16.9,64.2,641.8,114.4,159.9,Bihar,0
32.8,80.2,5.6,926.5,20.5,62.2,803.1,40.7,207.2,Coastal Andhra Pradesh,0
28.4,55.2,8.0,975.5,44.1,89.1,789.8,52.5,199.8,Madhya Maharashtra,1
22.8,76.6,5.3,977.7,19.7,89.0,773.6,95.4,201.0,Kerala,0
28.6,77.5,7.0,1297.4,24.3,74.8,1086.4,111.9,265.4,Kerala,1
31.2,61.6,2.2,1360.6,2.3,49.1,1184.4,124.8,297.3,Gangetic West Bengal,1
24.9,77.0,5.3,1050.0,16.7,82.3,808.2,142.8,177.5,Konkan & Goa,1
26.5,73.1,2.8,692.7,29.1,57.2,529.1,77.3,125.9,Coastal Karnataka,0
27.1,63.5,2.0,1437.5,0.0,27.5,1282.3,127.7,348.4,Konkan & Goa,1
24.3,57.9,3.5,1008.6,23.0,47.9,871.4,66.3,224.2,Coastal Karnataka,0
29.3,46.4,7.4,1619.2,21.5,62.5,1419.1,116.1,354.4,Konkan & Goa,0
26.6,74.2,6.9,422.5,20.6,87.3,226.3,88.3,94.5,Madhya Maharashtra,0
28.5,51.2,5.5,1146.5,35.6,54.5,958.6,97.8,212.4,Coastal Andhra Pradesh,0
23.9,71.1,1.9,1621.2,25.0,23.7,1475.6,96.9,346.7,Coastal Andhra Pradesh,1
25.5,66.8,4.6,913.7,42.2,61.7,794.0,15.8,232.8,Bihar,1
29.5,78.1,5.6,935.9,5.1,63.4,832.4,35.0,209.0,Vidarbha,0
25.7,66.4,5.4,1160.4,22.0,65.6,988.7,84.1,242.3,Coastal Andhra Pradesh,1
33.0,66.0,1.3,853.8,21.3,87.6,732.4,12.5,159.1,Coastal Andhra Pradesh,0
25.6,78.8,3.2,1014.2,4.0,90.6,806.4,113.2,210.6,East Rajasthan,0
27.8,74.0,4.9,990.1,34.3,42.2,798.7,114.9,210.6,East Rajasthan,0
30.3,73.8,6.1,901.3,54.9,41.5,711.8,93.1,156.1,Bihar,0
22.0,75.6,0.6,1352.4,19.7,28.8,1268.7,35.2,314.4,Vidarbha,1
20.8,51.6,4.7,1282.1,27.6,81.0,1038.3,135.2,252.9,Gangetic West Bengal,0
21.7,79.1,5.3,1261.5,21.3,103.5,975.2,161.5,248.9,East Rajasthan,1
31.4,77.3,6.7,1288.3,9.3,50.5,1142.6,85.9,263.3,Gangetic West Bengal,1
25.1,57.8,6.4,973.9,0.0,52.8,820.7,100.4,230.2,Assam & Meghalaya,1
36.0,67.1,6.2,869.2,9.4,104.0,667.7,88.1,185.2,East Rajasthan,0
25.0,69.5,3.4,895.6,0.0,75.2,719.2,101.2,172.5,Madhya Maharashtra,0
27.6,68.4,1.2,1094.4,45.6,73.1,900.5,75.2,220.8,Vidarbha,1
32.4,74.0,4.2,703.4,18.3,24.3,582.2,78.6,142.8,Bihar,0
34.0,87.2,7.0,961.3,14.8,80.4,749.9,116.2,171.9,Assam & Meghalaya,1
34.2,83.0,7.8,984.4,33.3,32.1,745.2,173.8,177.4,Vidarbha,0
31.2,54.3,6.4,1590.6,3.2,26.0,1537.4,24.0,378.9,Madhya Maharashtra,1
30.6,77.5,5.9,201.8,8.5,49.6,67.9,75.8,49.2,Vidarbha,0
29.1,85.9,5.8,942.3,21.0,42.4,846.1,32.8,230.5,Madhya Maharashtra,0
29.7,74.6,3.9,1650.2,35.4,53.4,1417.7,143.7,373.1,Madhya Maharashtra,1
25.1,83.1,4.7,1037.4,27.5,16.8,936.6,56.5,241.5,Gangetic West Bengal,0
24.1,94.1,8.0,1260.8,23.7,88.8,1126.0,22.3,259.2,Konkan & Goa,0
27.0,82.3,3.1,1150.4,21.2,93.8,929.9,105.5,231.6,Assam & Meghalaya,0
26.4,73.0,8.0,877.2,26.0,1.6,699.8,149.8,194.4,Vidarbha,0
25.4,,4.4,446.3,23.0,89.4,227.4,106.5,31.7,Coastal Karnataka,0
29.4,71.7,7.7,1090.1,4.6,35.7,961.6,88.2,253.1,Assam & Meghalaya,1
30.3,70.3,2.2,870.1,20.7,85.7,667.3,96.4,213.3,Konkan & Goa,1
27.3,65.8,6.2,858.3,3.9,57.9,659.9,136.6,186.2,Assam & Meghalaya,0
32.2,88.8,3.5,877.4,21.2,60.9,750.3,45.0,215.9,Coastal Andhra Pradesh,0
23.0,60.2,2.2,1566.2,12.8,54.4,1423.5,75.5,360.2,Coastal Karnataka,1
,88.4,5.4,1837.9,58.1,96.4,1621.5,61.9,424.7,Konkan & Goa,0
24.5,76.0,7.0,1040.7,19.4,22.8,965.2,33.3,226.9,Gangetic West Bengal,1
20.5,53.2,3.3,905.7,0.0,78.2,760.6,66.9,206.1,Vidarbha,0
26.7,74.4,2.0,782.1,18.0,93.0,546.8,124.3,149.8,Kerala,0
26.6,44.8,4.8,1252.6,27.8,81.5,1040.6,102.7,265.9,Konkan & Goa,1
32.3,77.5,4.8,1715.5,45.1,129.7,1434.9,105.8,385.0,Bihar,1
29.2,80.6,6.1,967.0,11.2,44.1,825.8,85.9,195.7,Vidarbha,0
23.4,62.9,6.9,375.9,0.0,88.7,186.3,100.9,42.8,Konkan & Goa,0
33.5,71.5,4.9,1238.1,32.3,56.8,1101.0,48.0,277.2,Coastal Andhra Pradesh,0
31.3,93.4,8.0,1360.2,0.0,97.0,1195.6,67.6,278.3,Kerala,1
29.0,63.9,5.4,585.2,13.5,59.8,424.2,87.7,110.6,Coastal Andhra Pradesh,0
26.2,57.3,4.3,1108.5,16.1,48.4,952.9,91.1,203.8,Kerala,0
23.6,87.8,1.8,1246.4,19.0,99.2,1035.4,92.8,279.8,Bihar,1
25.7,93.6,4.5,1028.2,30.3,45.3,878.1,74.5,220.5,Vidarbha,1
30.8,70.0,4.3,755.0,9.7,17.6,662.8,64.9,155.3,Gangetic West Bengal,0
33.6,82.1,6.9,1471.5,15.9,44.5,1204.8,206.3,284.5,Coastal Andhra Pradesh,0
32.4,86.1,5.9,993.7,19.8,78.6,779.0,116.3,190.1,Coastal Andhra Pradesh,0
25.3,61.1,2.6,674.9,22.2,101.8,454.4,96.5,127.4,Madhya Maharashtra,0
23.1,64.2,5.3,440.7,21.5,63.3,285.2,70.7,82.3,Kerala,0
27.5,84.8,6.3,1466.3,26.5,99.5,1278.3,62.0,305.5,East Rajasthan,1
20.8,90.2,8.0,1211.8,32.7,19.3,1085.0,74.8,254.3,Vidarbha,0
28.1,76.8,6.8,1090.7,25.9,46.7,926.4,91.7,244.7,Kerala,1
26.5,59.4,6.5,850.8,26.8,51.3,767.9,4.8,177.5,Madhya Maharashtra,0
25.4,93.8,5.1,815.1,0.0,56.6,741.3,17.2,186.5,Assam & Meghalaya,0
21.4,63.6,5.8,715.1,20.8,62.5,577.3,54.5,146.8,Kerala,0
28.8,66.0,7.5,966.8,27.2,80.7,770.6,88.3,198.9,Gangetic West Bengal,0
25.1,74.1,2.3,412.0,30.9,46.7,264.0,70.4,83.2,Vidarbha,0
22.9,88.6,4.3,892.1,9.6,64.2,679.2,139.1,144.5,Madhya Maharashtra,0
16.9,80.2,3.5,896.1,10.1,58.6,806.7,20.7,163.5,Assam & Meghalaya,0
26.9,75.0,5.8,1176.5,11.4,32.2,1083.0,49.9,259.4,Coastal Karnataka,1
33.2,75.6,7.5,1113.4,28.0,56.6,888.0,140.8,258.0,Madhya Maharashtra,1
32.8,70.5,3.8,1314.9,35.5,55.7,1138.5,85.2,325.1,Coastal Karnataka,1
25.4,76.7,0.2,1489.0,13.9,55.0,1304.7,115.4,362.8,Vidarbha,0
24.9,39.6,4.2,1474.1,33.6,61.0,1217.5,162.0,300.5,Coastal Andhra Pradesh,0
28.6,66.4,,1177.6,21.9,62.3,1041.2,52.2,224.7,Madhya Maharashtra,0
,72.9,6.1,1044.7,18.1,47.0,903.6,76.0,179.0,Bihar,0
28.1,56.2,5.9,789.9,16.8,98.2,605.8,69.1,139.2,Coastal Karnataka,0
29.7,74.6,4.4,1179.9,31.2,24.9,1122.0,1.8,276.5,Gangetic West Bengal,0
31.3,67.5,2.4,1534.8,24.9,38.4,1403.9,67.6,377.0,Bihar,0
26.6,91.1,6.0,1315.3,54.1,143.4,1002.6,115.2,268.0,Konkan & Goa,0
26.3,88.9,3.3,1612.9,7.2,28.9,1475.2,101.6,373.3,Konkan & Goa,0
23.9,64.4,8.0,594.3,27.8,19.4,442.3,104.8,92.8,Assam & Meghalaya,0
24.1,68.2,6.1,712.9,12.1,82.0,553.8,65.0,119.2,Coastal Andhra Pradesh,0
26.2,69.1,3.8,1217.4,7.0,0.0,1156.6,53.8,294.2,Vidarbha,0
28.3,,,1182.8,19.8,52.9,979.3,130.8,258.8,Madhya Maharashtra,0
30.2,72.3,4.8,1500.7,22.1,124.4,1294.1,60.1,331.4,East Rajasthan,0
24.2,60.9,4.5,1064.7,63.8,13.7,895.4,91.8,203.2,Gangetic West Bengal,1
32.2,56.4,7.2,743.8,17.2,0.5,639.6,86.5,172.9,Coastal Karnataka,0
26.1,77.5,5.4,992.4,3.0,15.0,835.9,138.5,217.5,Vidarbha,0
26.9,77.6,,670.2,24.1,87.0,440.2,118.9,88.6,Bihar,0
24.4,,8.0,683.3,0.0,93.7,561.4,28.2,124.7,Konkan & Goa,0
18.5,80.7,5.1,1287.4,18.6,44.6,1191.7,32.5,311.7,Gangetic West Bengal,0
30.1,62.4,6.5,1365.7,20.2,80.5,1161.8,103.2,285.8,East Rajasthan,0
29.6,73.0,3.8,1219.9,31.9,101.7,1008.9,77.4,284.0,Madhya Maharashtra,1
26.0,79.8,5.7,593.7,34.6,113.6,383.7,61.8,105.9,Assam & Meghalaya,1
27.2,69.6,5.6,978.1,12.4,52.6,792.5,120.6,188.4,East Rajasthan,0
28.8,75.5,1.2,637.7,17.7,0.0,532.5,87.5,132.9,Gangetic West Bengal,0
21.5,63.8,8.0,1379.0,8.5,35.4,1253.0,82.1,314.5,East Rajasthan,1
25.1,67.6,7.6,886.4,3.1,47.2,724.9,111.2,166.7,Gangetic West Bengal,1
29.8,67.5,4.2,716.1,24.6,52.2,574.3,65.0,125.3,Gangetic West Bengal,1
22.6,61.0,2.8,1106.9,0.9,54.4,908.9,142.7,241.3,Kerala,0
28.0,67.9,5.7,863.9,13.8,93.6,708.0,48.5,193.9,Coastal Karnataka,0
22.3,,5.2,1554.7,5.1,98.2,1345.1,106.3,348.4,Konkan & Goa,0
28.6,64.1,5.7,900.0,28.2,54.8,679.6,137.4,200.2,Kerala,0
26.9,66.6,5.4,645.1,47.0,93.0,480.2,24.9,109.2,Madhya Maharashtra,0
21.3,66.9,6.0,391.6,0.5,70.7,254.1,66.3,97.0,Kerala,0
31.1,67.1,7.9,1078.4,0.0,61.9,890.8,125.7,204.7,Coastal Andhra Pradesh,0
24.4,69.3,6.1,963.0,18.1,87.2,731.4,126.3,162.6,Coastal Andhra Pradesh,0
24.2,75.8,2.9,626.8,20.2,62.2,471.3,73.1,82.6,Konkan & Goa,0
27.7,80.5,7.7,1452.4,23.3,121.7,1256.8,50.6,305.3,East Rajasthan,1
31.0,62.2,8.0,1248.5,13.3,16.8,1100.2,118.2,265.0,Coastal Karnataka,0
23.4,55.6,,1080.3,17.0,44.5,891.5,127.3,233.4,Konkan & Goa,0
27.2,57.5,2.8,1424.4,25.5,56.2,1309.3,33.4,332.2,Gangetic West Bengal,0
28.5,64.2,5.5,1239.4,35.6,73.2,1098.8,31.8,250.8,Bihar,1
29.4,65.8,0.8,840.1,0.0,98.0,653.1,89.0,155.4,Coastal Karnataka,0
27.6,60.8,6.1,767.2,14.5,59.3,588.2,105.2,139.6,Coastal Karnataka,0
25.7,54.4,3.9,1253.9,23.2,17.3,1145.4,68.0,250.8,Gangetic West Bengal,0
24.1,64.5,8.0,1217.6,6.2,85.3,1018.9,107.2,235.1,Gangetic West Bengal,0
27.3,72.2,3.5,1131.1,46.0,82.6,950.9,51.6,222.3,Assam & Meghalaya,0
23.2,77.1,1.6,658.3,10.5,1.7,646.1,0.0,190.2,Konkan & Goa,0
,63.3,4.1,1224.7,19.4,59.9,1082.4,63.0,274.4,Gangetic West Bengal,0
28.5,65.0,1.0,796.5,28.3,12.3,673.4,82.5,181.6,Coastal Andhra Pradesh,1
30.2,58.9,6.5,989.6,11.1,40.1,869.4,69.0,187.4,Madhya Maharashtra,0
18.7,69.6,0.9,1400.7,0.0,32.9,1334.1,33.7,357.4,Bihar,1
23.5,59.8,5.1,807.0,13.6,84.3,701.7,7.4,201.4,Konkan & Goa,0
29.2,76.9,0.8,586.4,35.4,63.5,428.1,59.4,67.1,Vidarbha,0
34.2,48.6,4.4,736.4,14.9,21.4,584.2,115.9,131.9,Coastal Andhra Pradesh,0
27.1,65.7,8.0,1422.2,7.3,86.4,1198.3,130.2,309.5,East Rajasthan,1
24.5,73.6,5.7,1154.8,33.9,17.0,976.4,127.5,257.0,Gangetic West Bengal,1
26.4,72.2,3.3,993.6,15.0,69.9,861.3,47.4,201.8,Vidarbha,0
31.8,100.0,4.9,829.1,12.3,35.6,747.3,33.9,180.7,Gangetic West Bengal,0
24.7,74.2,5.0,1216.7,22.2,49.0,1045.6,99.9,249.5,Coastal Karnataka,0
24.2,58.0,5.9,857.4,31.6,75.1,645.3,105.4,163.5,Coastal Andhra Pradesh,0
25.3,68.9,2.3,1219.0,55.7,75.6,991.7,96.0,271.9,Coastal Karnataka,1
23.7,48.7,6.2,813.1,32.4,100.1,680.6,0.0,154.7,Assam & Meghalaya,0
27.4,69.0,0.0,770.9,37.4,57.5,630.7,45.3,177.7,Coastal Karnataka,0
32.7,60.0,3.7,869.2,12.4,69.2,708.8,78.8,161.6,Assam & Meghalaya,0
28.1,81.0,4.0,938.4,4.6,46.9,787.4,99.5,179.9,Assam & Meghalaya,0
26.1,63.4,6.3,1082.5,20.9,65.5,885.4,110.7,237.7,Vidarbha,0
26.0,68.6,5.0,1151.2,21.6,73.2,970.6,85.8,261.1,Gangetic West Bengal,0
21.5,62.4,2.2,154.1,3.8,57.1,0.0,93.2,17.0,East Rajasthan,0
30.1,90.9,3.0,764.4,17.4,5.9,657.7,83.4,138.1,Coastal Karnataka,0
26.7,66.1,5.4,985.8,26.0,69.9,782.5,107.4,186.3,Coastal Andhra Pradesh,0
26.4,92.0,4.8,1540.3,25.4,70.9,1351.5,92.5,354.3,Assam & Meghalaya,1
38.2,79.8,3.8,725.8,27.6,39.6,576.0,82.6,144.8,Gangetic West Bengal,0
28.0,75.8,4.0,1064.0,24.4,21.5,948.8,69.3,215.7,Bihar,0
24.4,74.4,6.4,1548.5,12.4,104.3,1348.5,83.3,346.3,Konkan & Goa,1
25.5,74.7,4.0,692.5,12.3,74.7,506.1,99.4,112.2,Vidarbha,0
31.0,46.9,4.8,1164.0,2.0,53.1,1018.2,90.7,290.4,East Rajasthan,0
27.4,66.7,8.0,827.2,46.8,25.9,659.3,95.2,195.7,Kerala,0
22.0,80.1,2.2,937.8,20.2,35.3,748.6,133.7,199.2,Vidarbha,0
30.2,69.4,1.3,865.4,16.6,99.1,659.1,90.6,192.0,Bihar,0
24.7,53.1,6.6,804.6,6.1,64.1,680.4,54.0,171.4,Konkan & Goa,0
33.6,69.4,3.6,1939.4,64.0,43.5,1716.6,115.3,444.5,Bihar,1
30.8,90.4,4.4,1257.9,3.9,75.3,1153.3,25.4,317.9,Coastal Karnataka,1
25.4,85.0,3.4,1316.4,13.6,35.6,1230.5,36.7,312.5,Assam & Meghalaya,1
31.5,69.3,4.5,1272.2,26.2,105.0,1047.6,93.4,256.8,East Rajasthan,0
27.2,81.4,8.0,648.4,29.0,100.6,418.1,100.7,70.4,Madhya Maharashtra,0
30.0,65.6,6.6,1129.1,34.4,46.0,1018.5,30.2,253.0,Assam & Meghalaya,0
28.7,49.6,6.7,1374.8,47.1,41.1,1221.9,64.7,321.9,Madhya Maharashtra,1
24.0,58.9,2.2,727.4,27.6,0.0,644.0,55.8,179.9,Konkan & Goa,0
24.7,88.8,2.7,1269.9,4.2,15.6,1189.6,60.5,307.5,Gangetic West Bengal,1
30.6,66.7,0.0,1264.9,16.1,19.8,1111.3,117.7,267.0,Kerala,1
25.8,67.1,3.4,1652.6,24.6,64.1,1455.6,108.3,324.4,Coastal Andhra Pradesh,1
25.6,66.4,6.9,955.1,51.0,50.2,774.7,79.2,183.8,Assam & Meghalaya,0
23.7,92.8,6.0,648.5,0.0,19.6,570.7,58.2,136.6,East Rajasthan,0
28.5,89.5,4.6,907.1,38.0,51.6,791.5,26.0,191.6,Bihar,0
34.2,96.6,5.0,1565.4,22.7,75.2,1330.7,136.8,345.0,East Rajasthan,1
23.3,68.1,3.6,563.6,32.6,75.8,351.5,103.7,127.6,Konkan & Goa,0
27.1,73.5,5.4,352.7,18.5,3.0,279.5,51.7,72.3,Madhya Maharashtra,0
31.9,51.8,6.5,1099.2,7.4,56.2,926.8,108.8,227.4,Bihar,0
26.7,87.7,1.8,894.2,31.3,18.5,767.2,77.2,186.6,Coastal Andhra Pradesh,0
28.6,56.0,5.6,1087.7,29.8,87.1,902.3,68.5,228.1,Coastal Andhra Pradesh,0
23.3,72.6,6.9,1399.1,34.6,83.5,1183.6,97.4,279.3,Assam & Meghalaya,1
28.5,56.8,4.2,837.4,19.8,33.1,734.2,50.3,186.0,Konkan & Goa,0
26.3,62.9,6.4,452.3,11.0,37.0,338.1,66.2,93.5,Gangetic West Bengal,0
30.5,60.0,8.0,1644.4,0.0,46.2,1513.3,84.9,382.5,Konkan & Goa,1
31.2,62.7,4.8,693.1,32.3,0.0,600.8,60.0,159.4,Madhya Maharashtra,1
,63.5,5.8,785.6,26.4,70.1,582.3,106.8,154.2,East Rajasthan,0
29.0,63.4,3.5,1443.2,5.5,51.8,1231.1,154.8,272.3,Coastal Andhra Pradesh,1
28.1,80.0,5.4,935.5,11.9,89.1,784.7,49.8,208.9,East Rajasthan,0
27.7,56.7,5.9,934.4,13.0,27.0,881.0,13.4,206.8,East Rajasthan,0
25.8,72.6,5.4,1086.2,0.0,41.4,1044.8,0.0,239.3,East Rajasthan,0
28.2,84.6,3.0,1321.6,7.7,14.8,1225.1,74.0,284.2,Coastal Andhra Pradesh,0
26.0,63.8,5.4,886.4,3.0,29.9,800.0,53.5,208.7,Vidarbha,1
27.6,61.4,7.9,1482.6,13.8,24.5,1356.0,88.3,334.5,Coastal Karnataka,1
31.6,67.2,5.9,443.4,8.9,89.9,259.3,85.3,31.2,Madhya Maharashtra,0
23.5,84.2,6.9,1182.9,0.0,39.1,1127.9,15.9,291.5,Vidarbha,0
31.0,72.3,4.5,769.5,50.3,63.7,648.1,7.4,133.2,Madhya Maharashtra,0
31.6,63.6,6.5,1490.9,38.8,48.6,1311.7,91.8,330.7,Bihar,1
26.6,75.8,5.6,1058.2,8.3,21.9,942.6,85.4,240.4,Konkan & Goa,0
19.6,56.8,3.1,840.2,24.1,55.0,698.1,63.0,192.2,Konkan & Goa,0
24.9,78.2,5.6,1216.9,26.3,78.0,1098.9,13.7,310.4,Kerala,1
31.5,74.9,3.0,1328.6,37.9,23.8,1168.0,98.9,264.7,Konkan & Goa,0
26.9,66.3,3.7,1315.5,7.7,84.3,1092.6,130.9,272.1,Coastal Andhra Pradesh,0
23.5,59.9,5.4,753.1,36.4,34.5,591.1,91.1,142.2,Gangetic West Bengal,0
25.2,59.4,5.6,858.2,11.8,45.5,754.8,46.1,197.4,Assam & Meghalaya,0
29.9,76.4,2.6,1056.5,0.0,75.9,898.8,81.8,229.0,Kerala,0
28.9,84.7,7.1,984.0,30.9,40.1,887.6,25.4,214.8,Assam & Meghalaya,1
26.2,62.4,6.1,1347.7,39.4,61.1,1124.9,122.3,272.4,Madhya Maharashtra,0
25.7,75.5,3.6,488.2,58.8,50.6,295.5,83.3,51.5,Assam & Meghalaya,0
25.6,45.0,1.9,1075.5,2.0,63.9,1000.3,9.3,269.8,Assam & Meghalaya,0
23.8,63.0,4.7,911.5,30.5,0.0,813.0,68.0,212.4,Kerala,0
32.7,69.6,4.1,765.9,13.9,5.1,648.4,98.5,180.5,Bihar,0
,59.1,5.2,854.3,31.8,78.5,677.3,66.7,163.1,East Rajasthan,0
31.3,58.8,4.3,995.7,0.0,91.1,835.6,69.0,195.8,Konkan & Goa,1
32.3,62.0,1.0,64.8,1.1,32.7,0.0,31.0,0.0,Konkan & Goa,0
30.5,73.5,4.2,853.4,8.4,52.7,689.6,102.7,179.6,Coastal Andhra Pradesh,0
25.5,67.8,4.4,781.4,21.2,68.8,637.3,54.1,138.5,Kerala,0
28.4,43.1,6.3,1151.0,10.4,80.8,1059.8,0.0,301.9,Coastal Andhra Pradesh,0
26.9,44.6,3.6,753.3,29.9,0.0,658.3,65.1,138.4,Gangetic West Bengal,0
23.8,62.7,8.0,1023.5,35.4,33.4,835.5,119.2,214.3,Gangetic West Bengal,1
28.1,75.5,1.2,1506.2,29.0,50.0,1362.7,64.5,372.0,Coastal Andhra Pradesh,1
22.9,37.0,7.6,1473.2,44.3,81.1,1198.3,149.5,311.6,Kerala,1
31.2,64.0,4.6,1429.1,26.2,135.0,1170.7,97.2,296.2,Coastal Andhra Pradesh,1
25.4,63.7,6.7,898.5,1.7,53.2,750.0,93.6,168.1,Konkan & Goa,0
27.7,86.7,5.2,1196.1,40.5,17.8,1062.9,74.9,238.1,Vidarbha,0
28.0,65.4,7.3,990.1,10.9,72.1,829.8,77.3,222.9,Coastal Karnataka,1
26.1,74.6,4.2,1044.0,33.7,99.6,841.2,69.5,240.4,Assam & Meghalaya,0
,71.7,2.8,1197.6,43.6,63.2,1022.9,67.9,246.9,Coastal Karnataka,0
25.3,44.4,7.8,881.8,26.9,32.8,720.9,101.2,157.4,Kerala,0
30.0,79.2,4.8,1479.2,0.0,88.7,1347.9,42.6,287.8,Coastal Karnataka,1
22.3,72.6,5.4,975.1,6.2,79.9,852.0,37.0,193.4,Gangetic West Bengal,0
27.4,76.1,7.5,1189.6,39.8,29.2,1085.5,35.1,269.1,Madhya Maharashtra,0
33.8,100.0,2.9,1587.4,17.5,71.4,1336.7,161.8,366.2,Assam & Meghalaya,1
23.5,45.0,6.2,1421.8,21.2,89.9,1209.5,101.2,315.8,East Rajasthan,1
24.6,90.7,3.8,696.4,31.4,95.5,477.3,92.2,125.4,Kerala,0
28.8,66.6,4.7,1159.6,30.4,58.0,1033.5,37.7,250.4,Assam & Meghalaya,0
27.6,73.4,,1333.6,24.2,49.3,1155.2,104.9,277.1,Coastal Karnataka,0
28.2,69.5,2.0,1356.6,16.9,96.8,1167.6,75.3,320.0,Gangetic West Bengal,1
28.7,64.9,3.4,693.6,15.3,23.7,566.0,88.6,145.5,Bihar,0
29.2,63.2,7.7,849.9,32.9,73.2,702.9,40.9,133.7,Vidarbha,1
30.9,74.0,6.8,1332.0,28.3,18.9,1198.4,86.4,286.1,East Rajasthan,0
28.4,51.8,4.9,842.6,16.1,92.0,671.5,63.0,150.7,Vidarbha,1
26.2,79.0,5.5,948.0,36.2,52.3,810.1,49.4,191.6,Assam & Meghalaya,0
29.4,65.0,4.4,1598.4,18.1,98.1,1372.8,109.4,354.5,Gangetic West Bengal,1
33.6,56.4,7.7,986.1,7.2,74.7,885.7,18.5,219.3,Gangetic West Bengal,0
26.5,64.6,4.6,816.5,8.6,23.3,682.0,102.6,169.0,Coastal Karnataka,0
23.6,85.1,5.5,852.1,5.3,102.7,636.7,107.4,185.4,Konkan & Goa,0
30.9,63.6,,1167.0,15.9,106.5,999.8,44.8,236.0,Coastal Karnataka,0
,74.3,3.4,672.3,38.5,86.5,500.1,47.2,162.3,Konkan & Goa,0
19.4,61.2,8.0,942.0,7.9,37.2,825.8,71.1,193.0,Konkan & Goa,0
30.0,79.1,1.9,1164.9,22.8,50.8,1000.0,91.3,251.8,East Rajasthan,0
25.1,78.2,8.0,1438.1,10.1,64.4,1289.7,73.9,316.8,Coastal Karnataka,0
26.7,92.2,4.3,1252.6,16.1,38.9,1100.3,97.3,277.5,Bihar,0
28.2,67.9,4.5,947.1,0.0,110.8,685.8,150.5,180.3,Coastal Andhra Pradesh,0
27.7,78.0,1.2,1394.2,16.7,64.3,1253.5,59.7,322.1,Coastal Andhra Pradesh,1
29.5,71.2,4.1,838.6,17.1,0.0,810.1,11.4,187.5,Coastal Karnataka,0
25.5,85.6,2.9,740.6,28.1,70.2,529.3,113.0,109.9,Coastal Karnataka,0
28.8,61.4,3.8,1068.6,23.3,49.6,848.4,147.3,262.2,Vidarbha,1
26.1,78.9,4.7,1487.0,2.0,57.8,1331.5,95.7,323.2,East Rajasthan,1
29.6,67.7,6.9,1071.3,36.3,48.9,949.6,36.5,251.4,Coastal Karnataka,0
29.2,69.2,,1086.2,23.2,84.2,903.8,75.0,193.8,Vidarbha,0
23.7,71.1,5.6,1543.1,23.0,93.6,1391.2,35.3,342.2,Konkan & Goa,1
30.8,73.0,2.8,664.7,19.9,68.5,470.6,105.7,115.1,Gangetic West Bengal,0
25.1,68.6,3.2,602.2,12.2,49.8,514.3,25.9,138.0,Gangetic West Bengal,0
29.8,72.6,8.0,565.3,23.3,58.8,415.2,68.0,49.4,Konkan & Goa,0
28.3,88.9,3.5,1139.3,27.1,60.6,1011.8,39.8,256.3,Kerala,1
33.4,81.8,8.0,1070.9,0.0,35.9,949.9,85.1,214.5,Vidarbha,0
26.2,80.4,4.5,1517.4,11.9,77.4,1362.8,65.3,347.2,Vidarbha,1
25.8,64.5,5.0,1150.1,16.2,73.8,973.0,87.1,222.5,Konkan & Goa,0
26.9,59.3,7.1,989.7,23.8,106.2,778.8,80.9,177.6,Bihar,1
25.9,81.5,7.5,1076.6,37.9,97.7,900.5,40.5,219.7,Madhya Maharashtra,0
29.8,80.5,4.8,1088.2,8.4,39.4,935.3,105.1,212.8,Assam & Meghalaya,0
21.3,87.7,4.2,573.6,12.5,84.6,398.5,78.0,90.1,Konkan & Goa,0
23.3,62.8,4.9,1797.4,12.3,31.5,1713.1,40.5,404.4,Coastal Karnataka,1
23.3,67.2,5.7,1314.5,8.0,80.9,1056.0,169.6,227.3,Coastal Karnataka,0
30.3,50.3,6.8,1121.4,14.8,44.5,963.0,99.1,261.1,East Rajasthan,0
33.0,65.3,5.0,1219.3,31.6,29.3,5098.28245573319,73.9,245.2,Konkan & Goa,1
26.6,82.0,6.2,1322.0,4.2,68.4,1112.8,136.6,274.6,East Rajasthan,1
26.4,64.4,8.0,1037.9,26.4,0.0,857.8,153.7,229.5,Konkan & Goa,0
27.2,77.7,5.8,792.3,0.0,7.5,710.6,74.2,165.4,Vidarbha,0
31.1,67.7,5.6,1240.0,11.6,54.7,1079.8,93.9,253.4,Assam & Meghalaya,1
23.8,73.9,2.0,1133.8,15.1,62.5,1015.7,40.5,258.4,Vidarbha,0
27.8,56.2,0.0,825.1,45.1,48.9,657.0,74.1,186.6,Madhya Maharashtra,0
30.4,71.0,5.8,1426.2,15.9,12.6,1325.7,72.0,308.0,Gangetic West Bengal,0
28.8,34.1,4.8,1110.9,0.0,35.5,988.0,87.4,244.0,Coastal Andhra Pradesh,0
27.7,67.8,4.0,1283.9,0.0,71.7,1118.9,93.3,245.1,Konkan & Goa,1
30.5,50.4,5.5,1518.0,20.5,77.5,1317.6,102.4,321.5,Madhya Maharashtra,0
17.5,84.5,4.9,1084.8,29.2,59.5,906.6,89.5,227.3,Gangetic West Bengal,0
29.4,79.3,7.3,1147.0,25.6,94.7,4587.949542561871,31.6,231.7,Kerala,1
24.7,75.6,5.2,1279.9,22.5,71.9,1143.0,42.5,276.6,Assam & Meghalaya,1
20.6,88.3,3.5,815.6,37.4,37.6,682.5,58.1,142.5,East Rajasthan,0
28.8,58.6,7.0,1048.4,11.9,51.6,916.2,68.7,230.6,East Rajasthan,1
31.8,91.0,4.6,1111.0,33.4,17.9,937.7,122.0,255.5,Vidarbha,0
26.5,81.2,6.1,703.5,0.0,56.8,613.2,33.5,131.4,Coastal Karnataka,0
30.3,67.2,4.0,1760.8,6.4,93.4,1595.3,65.7,386.4,Gangetic West Bengal,1
32.6,83.6,3.7,676.5,0.0,80.6,477.8,118.1,129.5,Kerala,0
31.6,56.7,5.2,696.6,15.9,102.1,510.6,68.0,151.9,Madhya Maharashtra,0
32.7,60.1,5.0,1462.9,19.3,50.9,1294.3,98.4,293.7,Assam & Meghalaya,0
29.6,62.7,6.0,1310.5,21.7,100.4,1114.0,74.4,275.1,Gangetic West Bengal,1
27.3,63.7,4.5,757.6,20.9,54.2,592.2,90.3,153.7,Kerala,0
21.4,57.3,1.3,1263.3,6.1,104.1,1082.2,70.9,268.5,Coastal Andhra Pradesh,1
26.1,84.7,4.1,1523.5,17.1,59.3,1340.4,106.7,285.6,Konkan & Goa,1
24.0,66.9,6.6,990.3,0.0,81.2,890.9,18.2,232.7,East Rajasthan,0
34.6,74.2,4.4,1889.8,40.4,104.3,1679.6,65.5,450.3,Madhya Maharashtra,0
26.4,63.2,4.5,544.3,15.4,54.2,382.8,91.9,98.0,East Rajasthan,0
27.4,48.2,7.0,1288.7,12.7,66.6,1108.1,101.3,256.4,Madhya Maharashtra,1
28.9,73.2,3.6,1532.2,43.8,98.7,1250.0,139.7,302.2,Vidarbha,1
27.2,47.1,1.9,1289.2,1.4,56.0,1167.4,64.4,327.2,Coastal Karnataka,1
32.9,69.2,4.7,1001.4,3.1,20.4,838.7,139.2,227.9,Madhya Maharashtra,0
24.8,53.6,4.0,994.4,3.6,124.3,812.9,53.6,216.0,East Rajasthan,0
27.7,93.8,3.1,1231.2,19.0,45.9,1033.2,133.1,265.4,Vidarbha,0
24.4,80.9,4.6,1348.7,26.5,64.8,1144.7,112.7,273.0,Madhya Maharashtra,1
22.4,71.3,6.0,1250.0,31.1,94.7,1080.7,43.5,266.2,Coastal Andhra Pradesh,0
24.9,85.2,5.0,1404.6,58.6,41.7,1212.0,92.3,301.4,Coastal Karnataka,1
26.9,59.8,5.6,702.1,0.0,29.8,594.3,78.0,159.6,Madhya Maharashtra,0
25.5,,8.0,1033.4,29.1,67.6,831.7,105.0,238.1,Vidarbha,0
24.6,72.4,4.3,706.9,11.6,6.2,618.0,71.1,176.9,Gangetic West Bengal,0
22.1,73.2,,914.5,11.2,51.4,784.2,67.7,167.7,Bihar,0
26.7,85.3,4.0,1417.5,10.7,67.4,1204.6,134.8,305.6,Kerala,1
21.7,78.8,3.3,1066.8,6.4,51.9,932.4,76.1,247.8,Bihar,1
29.7,73.5,3.8,1854.2,45.3,13.7,1682.1,113.1,432.9,Bihar,1
27.3,50.1,4.0,1169.4,32.6,107.8,958.0,71.0,226.9,Assam & Meghalaya,0
21.9,58.5,5.7,1148.0,20.3,63.1,917.9,146.7,287.8,Coastal Andhra Pradesh,0
25.9,68.5,8.0,1128.0,40.3,102.9,931.9,52.9,207.4,Gangetic West Bengal,0
24.4,71.1,3.6,816.3,0.0,52.2,708.7,55.4,155.5,Konkan & Goa,0
28.1,56.4,4.2,1057.2,0.0,33.6,882.6,141.0,225.3,Madhya Maharashtra,0
31.7,98.9,4.9,1368.6,0.0,68.1,1238.3,62.2,351.9,Kerala,1
20.4,88.2,5.8,1141.2,9.5,53.5,934.2,144.0,216.8,Coastal Karnataka,0
27.4,77.2,5.5,824.8,22.4,24.7,662.0,115.7,160.2,Gangetic West Bengal,0
26.4,70.9,7.6,821.9,21.5,104.1,622.5,73.8,177.2,East Rajasthan,0
29.3,67.5,0.1,835.9,22.2,41.3,764.9,7.5,190.9,Konkan & Goa,1
27.7,58.6,0.2,1006.2,0.0,4.8,922.2,79.2,223.9,Assam & Meghalaya,0
24.4,70.9,4.0,1474.0,32.0,99.8,1258.1,84.1,325.8,Assam & Meghalaya,1
25.9,73.1,7.2,693.1,23.6,44.9,497.9,126.7,129.9,Gangetic West Bengal,0
24.2,55.1,1.9,1020.4,31.0,41.8,804.1,143.5,221.6,Vidarbha,0
30.8,74.0,0.0,1002.9,0.0,7.0,943.3,52.6,261.7,Bihar,1
27.1,68.1,6.1,598.8,24.7,112.2,349.9,112.0,93.6,East Rajasthan,0
33.7,47.1,5.5,784.0,2.2,21.3,649.9,110.6,168.3,Assam & Meghalaya,0
26.8,59.7,,894.7,14.0,61.8,696.0,122.9,178.3,Kerala,0
24.5,65.0,3.0,876.5,28.0,87.4,661.2,99.9,175.1,Assam & Meghalaya,1
21.7,92.7,3.1,1054.0,21.4,72.7,957.6,2.3,240.5,Coastal Karnataka,1
20.7,76.7,5.2,991.0,7.2,58.2,851.8,73.8,212.9,Madhya Maharashtra,1
21.5,54.0,3.7,796.3,20.1,9.0,733.4,33.8,207.3,Assam & Meghalaya,0
27.9,75.8,6.0,1136.0,0.0,35.7,1028.4,71.9,287.4,Coastal Karnataka,1
28.8,51.4,0.0,1639.0,37.3,65.6,1416.9,119.2,324.1,Gangetic West Bengal,1
21.5,83.0,3.3,1537.3,16.9,36.4,1391.8,92.2,348.2,Gangetic West Bengal,1
30.1,64.3,2.7,552.0,36.8,66.1,323.2,125.9,67.0,Konkan & Goa,0
25.3,68.9,4.5,1259.4,12.1,80.5,1073.1,93.7,262.1,Assam & Meghalaya,0
27.5,85.9,3.9,975.7,12.1,88.9,3156.8474769528475,28.1,219.7,Kerala,1
32.6,54.6,6.6,978.2,8.5,23.2,946.5,0.0,250.0,Assam & Meghalaya,0
30.1,53.2,1.3,1025.5,33.1,125.9,2416.663381899367,86.0,192.9,Kerala,1
26.1,63.0,5.1,1099.1,9.4,83.0,935.3,71.4,195.6,Coastal Andhra Pradesh,0
23.9,82.5,6.1,1075.9,29.7,59.9,945.4,40.9,217.0,Konkan & Goa,1
19.5,51.8,8.0,845.3,14.3,92.7,726.3,12.0,199.5,Coastal Andhra Pradesh,0
24.5,36.0,4.0,812.7,0.0,131.0,631.1,50.6,103.0,Assam & Meghalaya,0
26.3,64.6,5.6,865.8,11.4,16.8,765.4,72.2,215.1,Konkan & Goa,1
23.5,76.6,1.4,1132.4,2.3,53.2,970.3,106.6,253.0,Coastal Andhra Pradesh,1
26.5,84.4,0.2,1187.7,20.5,0.0,1079.7,87.5,296.2,Bihar,0
27.3,64.4,6.7,1368.2,2.1,65.8,1156.0,144.3,285.0,Assam & Meghalaya,0
26.2,65.1,5.0,895.2,33.9,71.0,751.7,38.6,146.7,Coastal Andhra Pradesh,1
24.7,83.8,7.4,1177.8,18.6,58.8,985.2,115.2,254.9,Bihar,0
27.6,47.6,2.3,1328.4,17.3,40.4,1188.8,81.9,322.7,Bihar,0
28.5,65.3,6.0,1387.3,29.8,0.0,1249.7,107.8,330.9,Gangetic West Bengal,0
23.2,72.3,8.0,1050.6,34.5,71.2,3605.3921324523853,62.5,207.3,Assam & Meghalaya,1
31.9,75.4,5.8,1080.0,19.7,103.7,833.7,122.9,210.2,Bihar,1
26.7,63.9,5.6,1099.8,8.4,42.3,957.3,91.8,228.7,Gangetic West Bengal,0
27.1,70.4,5.0,681.1,0.0,73.2,555.1,52.8,122.4,Coastal Andhra Pradesh,0
29.5,40.1,1.9,944.1,9.7,13.0,841.9,79.5,229.6,Coastal Karnataka,0
27.8,62.1,7.7,1278.2,10.7,73.7,1123.4,70.4,256.9,Assam & Meghalaya,1
30.3,75.4,3.8,1262.0,21.6,48.2,1092.6,99.6,255.3,Konkan & Goa,1
28.0,58.2,6.0,903.6,14.8,37.1,818.9,32.8,182.6,Kerala,0
24.9,70.7,1.9,1111.6,30.3,37.2,965.3,78.8,211.5,Kerala,0
28.3,75.4,2.6,807.4,10.8,48.2,652.6,95.8,166.1,Coastal Andhra Pradesh,0
23.0,65.9,7.9,1282.9,19.1,71.5,1111.0,81.3,301.0,Vidarbha,1
27.4,72.0,4.3,1069.0,37.8,20.6,876.7,133.9,215.5,Vidarbha,0
26.9,58.4,7.9,1001.4,25.1,48.1,817.2,111.0,174.2,Coastal Andhra Pradesh,0
26.3,67.5,4.8,949.1,19.1,58.8,791.5,79.7,214.7,Bihar,1
26.6,77.3,1.3,1007.8,11.0,27.0,881.1,88.7,254.0,Assam & Meghalaya,0
20.4,71.9,6.8,981.8,10.5,113.9,765.6,91.8,178.5,Kerala,0
25.1,63.0,3.8,1235.1,7.2,34.4,1097.4,96.1,264.8,Kerala,0
27.3,72.7,6.4,840.2,11.9,39.9,781.4,7.0,205.7,Bihar,0
27.6,78.6,5.1,1507.8,31.3,30.7,1377.9,67.9,376.9,Kerala,1
23.4,45.4,1.9,1490.9,16.7,114.0,1339.6,20.6,324.5,Konkan & Goa,1
31.4,83.9,5.3,840.2,0.0,76.6,632.5,131.1,131.5,Assam & Meghalaya,0
24.0,66.0,8.0,1076.9,46.5,31.9,920.9,77.6,242.9,Madhya Maharashtra,0
30.4,75.1,6.0,895.1,24.8,93.2,704.8,72.3,192.2,Kerala,0
28.5,84.4,4.9,983.9,0.0,66.0,802.0,115.9,200.6,Coastal Andhra Pradesh,0
24.7,53.5,7.2,1678.7,13.4,67.7,1500.7,96.9,364.0,Konkan & Goa,1
33.2,61.5,5.4,914.0,21.7,49.7,807.7,34.9,221.8,Kerala,0
22.8,66.5,5.4,1168.4,45.6,37.5,1008.1,77.2,262.6,Konkan & Goa,0
30.2,60.6,2.8,1202.5,3.4,70.1,1062.4,66.6,250.2,Gangetic West Bengal,0
30.5,90.8,5.5,688.2,34.6,43.6,599.8,10.2,150.9,Madhya Maharashtra,0
24.7,59.7,7.1,851.4,41.0,114.5,643.5,52.4,133.8,East Rajasthan,0
31.9,63.3,3.3,643.4,10.6,21.9,538.2,72.7,148.3,Coastal Andhra Pradesh,0
26.1,72.5,7.8,831.5,15.8,106.1,634.2,75.4,153.3,Coastal Andhra Pradesh,1
28.0,55.6,4.8,126.9,4.5,56.7,45.0,20.7,2.5,Assam & Meghalaya,0
27.9,65.3,3.2,1275.4,16.9,69.0,1063.4,126.1,265.2,Konkan & Goa,0
26.5,73.8,7.0,1696.7,19.5,85.0,1516.3,75.9,379.9,Bihar,1
29.8,66.0,4.4,1096.8,29.9,41.1,944.3,81.5,254.0,Coastal Andhra Pradesh,0
29.8,68.9,6.5,693.4,36.4,85.9,475.1,96.0,130.6,Konkan & Goa,0
20.9,63.6,4.4,764.5,8.8,0.0,707.2,48.5,173.7,Konkan & Goa,0
31.6,51.8,4.9,899.0,0.0,38.4,762.3,98.3,205.8,Coastal Karnataka,0
21.2,73.9,6.0,712.0,19.7,32.3,594.7,65.3,156.7,Coastal Karnataka,1
30.6,91.1,5.6,1249.0,24.4,22.4,1158.1,44.1,281.0,East Rajasthan,1
30.9,70.2,1.0,1323.3,23.7,53.6,1143.1,102.9,283.3,Gangetic West Bengal,1
23.2,72.7,2.8,779.8,15.1,71.6,553.4,139.7,135.4,East Rajasthan,0
25.6,,6.9,1329.5,21.9,81.1,1117.5,109.0,289.5,Kerala,0
23.1,54.8,4.7,1584.8,42.7,67.2,1358.0,116.9,332.2,Bihar,0
26.2,90.4,4.0,1595.7,25.7,40.0,1470.8,59.2,359.9,Kerala,1
25.9,72.4,2.3,1861.2,14.4,71.1,1759.6,16.1,479.3,Vidarbha,1
29.7,89.6,2.8,845.2,12.5,63.7,629.4,139.6,176.1,Kerala,0
31.6,61.2,1.0,2015.1,17.5,88.1,7683.22157279631,162.2,421.6,Assam & Meghalaya,1
31.9,91.8,4.8,1063.3,44.6,83.3,793.7,141.7,209.8,Kerala,1
25.0,79.3,3.8,867.1,17.3,60.9,722.3,66.6,182.9,East Rajasthan,0
26.3,76.6,3.1,1084.7,19.7,33.1,998.1,33.8,257.4,Coastal Andhra Pradesh,0
21.1,72.8,4.9,816.0,12.8,40.4,725.4,37.4,184.1,Coastal Andhra Pradesh,0
24.2,67.0,5.7,1112.4,36.5,43.5,1019.7,12.7,278.7,Coastal Karnataka,0
30.4,84.4,8.0,679.6,49.4,50.5,504.0,75.7,132.9,Bihar,0
32.7,71.7,2.0,1067.4,26.8,68.0,828.4,144.2,205.9,Bihar,0
22.7,46.4,7.3,1462.7,21.2,81.5,1285.7,74.3,342.3,Assam & Meghalaya,1
24.9,56.6,6.9,1054.1,20.6,58.5,882.9,92.1,225.4,East Rajasthan,0
26.9,67.8,3.4,1138.0,0.0,60.5,942.5,135.0,238.1,Coastal Karnataka,1
28.0,73.7,5.4,1201.9,31.2,64.3,1042.6,63.8,266.9,Vidarbha,0
24.2,69.3,4.1,1479.1,22.0,44.5,1251.2,161.4,310.9,Bihar,1
28.5,84.6,5.4,621.7,26.4,32.2,403.4,159.7,101.0,Coastal Andhra Pradesh,0
25.3,46.6,8.0,1166.8,9.3,7.3,1075.4,74.8,257.1,Kerala,0
26.9,71.7,6.2,929.8,14.2,39.1,819.6,56.9,189.9,Kerala,0
28.9,48.2,6.0,1145.9,13.8,74.2,950.0,107.9,217.5,Coastal Karnataka,0
,79.1,4.1,1358.3,35.3,38.9,1218.0,66.1,276.7,East Rajasthan,0
25.5,68.9,2.0,642.6,14.3,52.9,541.7,33.7,117.8,East Rajasthan,0
26.6,75.0,4.6,852.6,51.2,74.0,596.2,131.2,145.6,Gangetic West Bengal,0
26.7,59.6,7.4,550.2,26.5,75.6,319.4,128.7,81.9,Madhya Maharashtra,0
25.7,,1.9,850.0,0.9,27.6,735.3,86.2,178.4,Bihar,0
26.1,82.5,2.9,1436.6,18.1,89.9,1299.1,29.5,277.7,East Rajasthan,1
32.6,77.0,5.3,998.6,10.2,93.8,863.8,30.8,247.4,Coastal Andhra Pradesh,0
29.0,68.4,3.0,608.4,0.0,26.1,498.0,84.3,146.2,Coastal Karnataka,0
26.0,77.0,3.4,893.6,44.0,35.3,754.3,60.0,197.5,Vidarbha,0
29.4,61.5,4.2,646.2,30.5,95.7,453.6,66.4,151.5,Gangetic West Bengal,0
25.8,80.3,2.3,766.9,28.0,55.6,562.4,120.9,121.1,Konkan & Goa,0
31.1,89.8,3.1,1148.4,22.5,0.0,1016.6,109.3,291.9,Assam & Meghalaya,1
28.3,82.8,6.4,700.9,0.0,18.0,547.8,135.1,117.6,Vidarbha,0
26.6,61.2,2.4,1339.4,12.7,52.5,1233.8,40.4,313.2,Konkan & Goa,1
28.6,74.3,1.8,1002.7,32.6,25.1,878.7,66.3,194.2,Kerala,0
21.5,54.5,3.7,1087.9,4.2,47.6,925.7,110.4,231.7,Assam & Meghalaya,0
,76.9,6.5,975.4,0.0,61.0,816.5,97.9,211.8,Bihar,0
22.8,75.4,4.6,1393.7,16.6,103.9,1131.9,141.3,279.9,Coastal Andhra Pradesh,1
27.5,47.6,4.1,1300.9,17.9,51.3,1134.9,96.8,298.0,Assam & Meghalaya,1
33.1,56.1,5.1,1268.6,22.0,92.2,1000.5,153.9,252.1,Madhya Maharashtra,0
34.8,66.6,1.5,1304.8,30.9,102.9,1069.4,101.6,256.9,Konkan & Goa,0
29.2,66.4,6.0,1091.5,29.6,103.0,836.4,122.5,197.8,Bihar,0
28.8,55.5,5.8,1222.2,23.9,68.5,1062.7,67.1,281.9,Madhya Maharashtra,1
20.7,74.7,4.2,918.2,37.9,1.1,798.6,80.6,186.6,Kerala,0
25.1,73.0,7.0,1090.9,0.0,73.8,900.7,116.4,243.5,Madhya Maharashtra,0
24.2,67.7,2.7,1081.2,27.6,91.5,817.6,144.5,228.9,Gangetic West Bengal,0
24.8,60.9,7.3,959.0,29.4,57.6,762.8,109.2,157.3,Gangetic West Bengal,0
26.4,,5.3,883.7,1.4,112.3,693.3,76.7,196.0,Coastal Karnataka,0
25.3,89.9,4.3,1261.2,0.0,85.8,1040.3,135.1,301.3,Vidarbha,0
20.1,64.2,5.0,1379.0,8.8,77.0,1293.2,0.0,328.3,Vidarbha,1
29.6,62.7,4.8,1377.1,10.1,92.6,1251.3,23.1,324.8,Bihar,1
23.2,75.9,7.4,731.6,31.3,70.0,523.0,107.3,151.5,Kerala,0
27.8,65.7,2.8,1378.2,10.8,0.0,1286.8,80.6,316.2,East Rajasthan,0
34.3,68.3,3.5,961.0,7.2,45.0,804.6,104.2,204.8,Gangetic West Bengal,0
23.8,78.9,7.1,1269.5,10.8,95.9,1080.2,82.6,243.8,Bihar,1
18.1,47.1,3.8,803.5,36.8,35.8,628.1,102.8,159.8,East Rajasthan,0
26.0,85.8,6.8,1063.5,20.2,53.3,942.6,47.4,245.6,Vidarbha,1
30.9,,8.0,1142.9,17.3,28.7,994.1,102.8,258.8,Coastal Karnataka,0
33.9,65.1,4.2,706.2,18.3,113.5,454.6,119.8,135.0,Madhya Maharashtra,0
22.7,68.9,6.4,1361.1,39.4,110.4,1082.5,128.8,255.1,Gangetic West Bengal,0
28.7,69.5,2.7,1506.6,8.8,33.5,1303.8,160.5,315.3,Bihar,0
25.4,49.2,6.5,1041.5,39.7,64.4,847.6,89.8,249.8,Assam & Meghalaya,0
26.6,87.9,5.4,1461.9,23.2,39.6,1308.1,91.0,324.0,East Rajasthan,1
