rainfall_mm,water_level_m,humidity_pct,temperature_c,river_discharge_m3s,elevation_m,drainage_quality,upstream_dam_release,FLOOD
95.75,5.92,75.5,25.85,162.41,52.74,3,68.11,0
59.78,4.84,58.24,30.62,454.29,38.59,2,32.98,0
55.29,2.33,56.16,23.72,255.74,31.09,4,4.76,0
55.29,4.37,49.75,34.88,363.99,99.11,5,2.21,0
185.99,4.75,48.47,24.41,271.34,26.6,4,41.91,1
114.67,5.71,53.73,28.88,193.2,72.06,3,30.21,0
45.24,6.37,61.49,31.17,291.85,33.23,5,32.28,1
98.79,2.48,93.44,25.72,48.99,36.19,5,9.29,0
79.96,2.78,63.69,31.41,410.88,80.91,5,24.18,0
8.64,2.11,72.13,23.08,120.53,38.6,1,1.4,0
26.85,3.65,74.81,33.81,348.16,37.86,5,26.94,0
84.25,4.7,71.57,28.06,187.21,83.98,4,8.91,0
174.61,5.48,69.07,25.61,79.22,97.92,4,19.05,0
55.67,3.89,55.66,26.8,139.5,69.34,3,10.72,0
42.32,3.52,87.41,31.24,349.43,30.36,2,27.86,0
72.56,4.23,91.69,25.66,916.2,34.68,2,12.23,1
40.21,2.75,49.81,25.0,229.85,52.4,1,6.22,0
52.71,7.13,57.71,27.11,846.26,59.63,5,42.72,1
65.97,1.59,66.64,23.29,48.85,20.36,1,28.64,0
25.61,4.28,58.43,35.28,198.8,71.69,3,10.62,0
118.8,7.04,76.07,25.73,229.99,52.57,3,74.55,1
21.41,4.01,61.26,31.33,362.37,0.0,2,20.31,0
18.91,3.71,95.98,28.84,144.16,22.13,3,127.8,1
77.36,3.46,84.29,24.06,311.64,34.88,5,7.18,0
112.53,3.73,72.55,27.98,206.65,47.81,4,39.31,0
75.91,6.06,82.32,31.14,554.27,106.68,3,13.6,1
60.87,0.68,83.27,27.25,277.43,57.15,1,33.79,0
52.3,6.3,63.23,32.77,1223.74,24.78,5,48.31,1
45.6,1.86,60.21,32.09,207.94,56.62,3,53.33,0
137.51,3.6,70.94,31.68,530.27,39.44,3,30.13,1
84.84,3.36,80.34,26.16,646.09,59.74,5,61.32,1
48.69,4.88,71.67,23.68,12.79,67.42,3,48.42,0
37.46,1.6,51.08,25.55,407.27,86.28,4,96.37,1
103.5,4.69,60.37,28.78,202.07,49.27,2,127.77,1
135.34,7.04,69.11,30.18,90.29,99.17,5,13.78,0
127.25,1.96,69.09,19.31,560.79,77.24,1,40.59,0
32.04,4.28,93.67,27.97,151.31,28.78,3,1.8,0
51.94,3.01,53.37,28.63,45.73,116.3,2,16.37,0
44.86,4.64,76.07,26.89,282.41,59.81,1,16.2,0
57.53,4.03,87.87,33.17,617.42,24.95,1,37.0,1
118.04,3.04,97.26,29.69,91.44,99.59,4,82.86,1
164.09,4.73,65.15,33.24,444.94,112.33,2,44.56,1
87.14,6.71,75.9,27.14,32.82,49.01,5,6.75,0
38.59,3.71,76.84,31.75,646.99,34.89,2,29.29,1
64.83,5.08,72.35,34.54,326.01,44.83,2,55.81,1
184.5,2.06,68.81,33.25,82.5,71.44,1,27.58,0
71.26,2.57,75.23,23.63,417.23,88.34,4,27.65,0
52.39,4.71,39.61,26.99,158.59,67.11,4,13.07,0
55.95,6.23,78.18,26.62,110.65,53.05,2,3.89,0
86.86,4.53,71.51,29.96,155.72,94.94,2,65.19,0
33.03,3.53,67.33,30.75,388.31,40.61,3,0.37,0
43.97,4.0,94.56,24.64,104.35,80.93,1,21.23,0
125.99,2.12,61.9,28.27,19.31,41.36,5,25.72,0
85.13,4.91,65.16,19.92,162.5,62.93,5,59.51,0
71.81,5.32,93.9,33.77,576.36,46.59,4,103.64,1
130.24,3.32,60.02,25.95,571.18,48.32,1,62.57,1
36.59,3.29,63.4,28.22,155.53,38.68,4,49.08,0
51.14,4.4,68.24,26.76,150.91,90.35,5,14.36,0
83.16,3.34,80.09,32.58,143.12,28.01,2,12.89,0
81.08,3.9,72.49,16.65,137.77,27.79,1,17.24,0
17.03,7.15,54.49,27.93,146.02,113.63,1,35.51,0
47.22,3.63,63.61,27.58,292.55,79.34,3,68.01,0
58.68,3.46,62.71,26.19,585.76,0.0,2,40.38,1
89.78,3.03,69.07,34.9,104.19,33.04,2,88.22,0
80.87,5.12,75.11,24.45,122.77,0.0,4,37.44,0
62.9,3.73,75.02,31.09,317.52,21.48,1,17.25,0
8.56,3.03,48.69,29.43,404.1,0.0,4,7.52,0
65.31,5.98,82.77,33.05,59.06,45.89,2,30.17,0
69.83,6.13,73.03,25.33,733.78,15.74,3,14.9,1
291.92,3.1,86.61,25.07,188.04,51.8,1,41.03,1
57.22,1.2,75.33,32.38,65.16,1.25,2,45.46,0
83.48,5.51,83.22,29.7,56.04,52.49,3,3.98,0
144.81,2.97,75.6,21.82,52.48,37.55,5,82.72,0
113.52,5.19,86.15,25.84,523.36,95.06,2,9.17,1
168.51,1.04,76.27,29.55,257.34,92.34,5,20.54,0
17.32,5.34,68.83,31.35,526.63,73.56,4,24.18,1
27.48,2.18,97.27,25.28,221.71,40.2,5,11.43,0
41.49,5.1,80.67,16.34,516.62,109.56,2,6.31,0
14.37,4.02,76.88,30.09,217.42,3.41,5,32.95,0
70.27,2.57,54.68,23.12,361.28,7.89,1,84.69,1
29.57,3.39,54.54,19.93,233.58,47.49,2,24.53,0
183.01,5.03,73.51,16.67,207.21,117.62,3,6.76,0
33.85,4.16,71.75,31.26,113.82,43.93,5,11.62,0
51.38,4.88,62.63,28.51,397.09,44.5,1,24.88,0
118.12,6.96,71.69,27.1,91.85,6.74,4,23.94,1
21.17,1.65,89.06,33.56,396.63,78.38,4,24.68,0
13.34,6.43,78.34,30.55,266.22,78.6,5,14.84,0
76.66,4.16,56.31,34.47,404.12,73.67,4,53.82,0
81.01,2.65,68.66,22.43,283.68,31.12,3,157.04,1
115.74,2.0,60.34,27.86,555.52,28.8,2,34.56,1
97.42,3.72,65.35,21.53,336.51,11.21,1,33.88,1
83.21,5.38,65.04,27.08,270.46,52.52,5,39.66,0
37.36,3.81,64.27,27.01,16.3,17.59,4,55.11,0
79.39,6.27,54.94,30.51,570.85,14.68,2,28.72,1
82.97,1.82,68.47,28.18,51.84,37.29,3,0.6,0
36.16,3.98,63.27,30.49,71.53,35.33,4,9.19,0
216.88,2.12,34.85,30.81,431.11,33.86,4,6.78,1
94.25,4.55,94.64,36.62,250.22,63.99,1,86.74,1
27.94,5.33,83.07,26.74,54.33,52.37,3,66.9,0
116.13,3.37,65.48,24.24,150.73,41.36,3,13.42,0
129.82,0.5,70.23,28.98,550.57,55.49,5,13.3,0
90.34,4.3,55.94,24.79,277.4,20.25,1,15.04,0
54.78,4.66,90.35,33.93,254.95,53.16,5,16.3,0
34.83,4.61,92.77,26.87,135.33,54.52,1,76.12,1
62.76,5.85,71.88,25.74,441.83,4.91,3,8.75,0
85.88,2.39,82.28,26.11,226.9,79.87,1,28.28,0
67.34,5.02,72.1,30.87,385.79,23.56,1,95.54,1
173.42,5.79,53.96,27.37,123.35,52.71,1,18.91,1
104.48,1.33,65.06,25.43,919.46,84.93,2,131.05,1
31.48,4.48,71.58,34.66,619.53,77.77,2,10.37,0
25.25,3.24,64.55,24.58,275.18,51.03,3,3.89,0
94.81,3.88,67.38,28.14,321.32,39.13,1,7.8,1
55.78,4.52,68.9,30.61,151.96,78.43,3,30.65,0
110.75,3.27,69.03,21.47,407.72,70.24,2,6.4,1
94.21,2.99,70.63,29.92,21.87,31.45,1,80.05,0
62.98,4.05,57.27,23.78,726.28,26.15,5,19.69,1
31.8,2.37,61.4,31.29,391.11,0.0,2,27.33,0
15.05,2.37,54.58,24.15,102.21,54.62,2,0.28,0
78.34,5.02,81.73,30.77,714.5,47.52,2,22.67,1
20.81,2.28,44.73,32.42,867.89,84.09,1,26.04,0
30.65,5.0,83.84,31.45,334.07,60.77,4,5.07,0
74.92,4.69,86.64,29.01,125.23,90.03,5,36.29,0
69.72,1.41,66.37,27.07,258.01,29.08,5,32.61,0
23.35,2.98,38.76,25.69,369.27,84.14,3,14.77,0
139.69,5.79,65.66,33.88,314.15,34.13,1,6.27,1
137.23,2.53,69.23,25.2,102.23,73.33,2,92.81,1
96.96,3.3,57.87,23.85,364.52,6.24,4,26.73,0
96.87,4.69,63.82,30.66,546.23,57.05,1,24.69,1
96.96,5.18,88.36,24.82,80.59,0.0,1,33.41,1
129.06,3.62,77.98,24.2,90.37,41.99,4,17.91,0
106.28,3.1,58.91,22.23,146.64,63.21,2,38.36,0
34.19,6.13,50.83,26.07,210.78,34.37,1,24.53,1
55.17,6.61,66.08,27.67,449.68,18.49,5,11.6,0
271.86,5.47,67.44,28.97,542.14,75.38,5,16.53,1
9.26,4.13,75.95,31.81,120.41,46.9,4,9.3,0
45.15,2.79,63.58,30.11,290.68,35.31,2,11.91,0
140.19,2.75,76.14,27.24,527.39,51.26,4,16.48,1
36.13,4.78,93.22,27.21,953.68,129.1,1,14.54,1
108.28,4.63,79.79,30.04,289.55,84.61,5,32.25,0
69.05,6.1,69.42,33.09,301.48,84.88,3,28.82,0
38.36,4.98,67.8,28.51,335.55,63.07,4,84.54,0
7.24,1.75,65.72,26.12,193.38,54.99,3,25.34,0
76.77,5.58,84.17,24.03,273.26,0.0,3,11.28,0
33.54,2.5,62.47,22.22,29.86,29.63,5,64.6,0
60.92,3.42,70.54,30.67,152.67,35.58,4,6.9,0
96.29,4.38,70.61,30.31,360.48,0.0,3,7.24,0
122.11,6.99,63.98,30.31,114.14,15.28,1,20.13,1
45.03,8.66,53.53,27.49,456.99,0.0,2,17.65,1
38.3,4.91,73.88,33.63,44.46,48.85,2,1.21,0
20.45,3.73,69.27,26.06,444.85,74.56,5,69.23,0
126.19,4.8,76.0,31.82,444.02,83.2,4,2.2,0
247.27,5.33,63.6,27.85,964.81,62.44,4,5.66,1
135.46,3.52,84.65,25.57,187.19,21.1,2,5.34,0
155.82,6.69,59.48,30.37,250.38,0.0,1,37.17,1
36.39,4.35,90.54,29.64,679.82,0.0,2,17.52,1
92.31,4.75,49.03,29.43,622.76,11.93,2,5.68,1
115.2,5.0,75.22,28.33,504.12,23.33,4,59.43,1
26.53,4.63,75.71,27.85,322.07,45.21,3,69.38,0
191.49,5.26,60.45,37.55,667.6,19.58,1,13.74,1
16.73,3.07,75.09,32.74,1190.0,60.17,4,38.4,1
172.23,3.16,85.35,30.89,384.63,43.03,2,66.1,1
16.61,2.35,43.4,28.45,259.67,50.32,3,49.57,0
27.74,4.66,76.03,32.03,417.62,84.21,1,3.96,0
93.49,5.17,40.08,30.07,286.52,14.59,5,79.92,1
70.34,4.69,58.41,28.1,200.78,62.56,1,41.68,0
48.68,6.51,89.55,26.79,458.34,49.58,1,1.8,0
186.69,3.99,63.02,27.68,165.53,40.0,2,10.29,1
21.0,5.0,55.91,15.32,379.07,76.56,2,25.49,0
59.13,2.36,67.62,28.84,56.88,76.37,5,12.43,0
101.9,3.42,94.81,26.05,747.79,21.61,5,27.24,1
82.26,5.04,48.02,34.37,128.47,44.54,5,50.03,0
39.4,5.27,57.38,28.08,70.22,58.44,4,40.34,0
40.63,3.56,87.97,23.24,608.45,41.81,4,40.97,0
120.87,3.89,92.29,27.8,685.79,67.55,2,84.81,1
124.75,1.72,68.76,23.82,317.28,58.44,2,13.29,0
83.83,3.46,55.13,29.89,232.03,104.98,5,1.83,0
32.37,5.34,95.15,29.16,190.89,4.09,4,36.19,0
41.72,4.86,89.13,31.83,304.74,46.33,3,80.4,0
65.59,4.75,78.15,24.84,242.27,22.74,4,35.81,0
72.91,4.07,60.25,28.14,219.8,68.12,2,6.95,0
99.1,4.01,69.41,22.54,116.4,1.48,4,34.2,0
56.76,3.01,68.08,30.81,87.52,60.39,2,24.73,0
119.02,5.05,73.97,30.08,267.32,31.1,5,31.2,0
118.12,4.63,87.41,29.98,297.9,27.98,5,8.58,0
159.36,4.74,80.55,28.01,135.13,6.61,5,14.07,0
67.76,3.21,57.07,29.66,152.57,36.05,3,26.7,0
84.85,0.77,86.52,34.42,297.37,82.54,3,58.24,0
60.17,5.65,73.76,26.86,113.61,49.24,2,19.55,0
32.71,3.28,78.24,28.55,517.47,68.83,1,53.78,0
243.6,2.71,87.6,23.66,368.37,99.94,3,11.15,1
146.14,5.04,56.66,24.53,134.02,57.91,2,142.46,1
116.47,3.41,69.57,28.39,355.09,33.24,4,11.78,0
66.04,5.59,63.62,32.42,116.19,64.02,5,13.9,0
30.24,4.93,51.19,26.97,445.45,33.67,5,36.57,0
130.76,5.03,74.16,27.06,120.42,34.87,5,33.86,0
59.36,1.95,100.0,26.37,228.48,4.4,2,58.57,0
90.34,5.82,47.92,25.86,279.72,77.79,5,36.21,1
41.59,4.39,69.61,29.18,678.87,38.42,3,15.4,0
80.13,3.45,77.69,22.01,127.57,55.46,4,56.56,0
43.77,4.22,71.48,33.12,122.92,18.92,5,10.54,0
45.18,1.34,68.64,25.34,60.83,63.08,2,32.87,0
79.38,4.61,54.41,30.89,814.51,27.14,4,3.24,1
16.36,2.46,72.79,22.92,256.8,45.75,5,100.26,0
17.2,1.97,60.92,30.68,526.03,76.33,1,49.57,0
36.02,1.72,43.72,30.69,154.9,73.72,5,36.3,0
56.24,5.67,84.34,29.54,167.46,49.34,3,16.95,0
121.49,3.06,81.5,24.02,241.21,0.0,4,19.79,0
58.74,6.3,70.62,29.0,246.81,139.78,3,2.51,0
65.72,3.2,72.75,23.27,407.04,102.38,1,47.72,1
52.84,1.44,82.89,26.99,262.53,71.68,1,9.64,0
84.76,2.33,72.69,32.12,184.7,27.4,3,104.21,1
32.42,5.85,80.85,31.19,824.59,46.59,4,5.73,0
61.21,3.77,66.43,28.06,114.95,33.7,1,13.34,0
89.64,3.18,85.74,24.1,128.19,87.92,1,18.13,0
78.92,4.24,73.85,30.58,116.45,57.88,5,29.16,0
67.32,4.75,72.33,28.08,418.21,26.48,2,26.02,0
67.94,5.68,54.76,18.72,347.29,35.88,1,44.54,1
95.83,6.17,73.44,31.13,220.54,83.64,4,70.41,1
251.13,3.46,60.02,27.9,111.03,98.0,4,8.72,1
34.37,2.01,62.34,32.81,278.82,95.85,5,2.15,0
255.73,3.38,60.22,23.62,459.6,72.71,4,81.34,1
33.03,4.39,57.21,15.29,697.54,42.42,5,43.33,0
6.14,2.55,95.5,29.12,149.26,0.0,1,10.91,0
43.04,2.56,85.98,29.17,219.93,58.91,1,2.25,0
85.92,4.52,93.04,21.24,344.87,49.95,1,24.45,1
218.06,3.93,55.33,24.09,183.16,54.2,1,49.38,1
30.2,4.05,70.86,39.02,71.56,51.62,2,6.76,0
95.43,2.86,54.48,26.78,220.81,10.21,2,32.18,0
19.09,3.65,61.65,30.92,81.25,66.72,1,17.12,0
213.02,2.61,58.98,25.4,487.04,68.97,4,14.53,1
148.0,5.34,84.88,19.64,195.39,70.47,5,55.29,1
45.26,5.55,65.25,27.32,238.35,78.4,3,3.3,0
163.87,1.23,82.82,26.94,131.22,68.12,5,40.79,0
60.93,2.61,77.25,26.4,245.56,37.7,3,29.99,0
153.19,1.76,97.64,27.54,588.33,47.87,3,31.24,1
66.94,3.02,52.25,29.06,523.83,52.73,1,20.21,0
69.12,3.87,85.11,27.4,94.12,53.23,3,14.76,0
46.02,1.83,83.76,22.94,6.72,79.95,1,12.35,0
104.28,2.62,58.32,29.94,222.16,69.31,2,64.99,0
73.07,2.49,82.09,20.2,196.48,112.32,4,20.64,0
96.92,4.31,74.03,19.8,186.85,116.19,3,16.06,0
14.68,4.1,67.27,30.96,157.58,52.39,4,35.41,0
156.81,2.92,60.11,30.03,92.04,0.0,1,80.33,1
183.13,4.27,61.37,27.77,1008.28,87.1,3,34.61,1
72.82,3.18,94.6,22.42,814.03,33.79,5,27.79,1
239.75,3.59,70.01,25.17,180.35,25.96,2,23.41,1
204.6,6.51,79.39,26.95,275.86,38.05,2,48.08,1
105.86,6.01,60.51,21.62,493.02,36.6,3,17.65,1
165.26,2.05,60.64,25.04,275.18,68.37,2,52.23,0
137.62,5.24,82.98,30.61,168.61,3.22,5,57.94,1
10.85,5.22,53.81,33.71,72.91,17.67,4,1.6,0
53.7,2.28,65.02,26.32,252.37,60.29,5,52.2,0
111.01,5.23,70.41,31.03,82.49,68.69,2,59.19,0
191.09,6.31,71.34,20.34,561.58,69.25,4,18.71,1
17.78,2.32,67.85,30.64,243.8,26.39,5,3.21,0
11.72,2.62,74.75,24.78,365.01,20.65,1,25.02,0
63.84,5.53,78.31,29.23,191.74,34.8,1,27.36,0
6.75,4.41,78.82,27.01,447.44,57.2,4,15.78,0
62.17,4.83,58.17,33.28,146.55,94.56,4,7.15,0
87.45,4.51,66.59,24.5,310.74,0.0,4,12.99,0
28.96,4.59,84.34,30.51,186.0,43.38,1,49.06,1
63.48,2.01,80.74,26.88,209.46,10.02,5,21.83,0
129.15,5.57,53.53,27.37,488.62,0.43,4,8.26,1
42.86,5.75,74.22,27.26,130.32,79.01,1,67.15,1
33.53,3.66,46.26,24.62,326.5,66.34,4,50.86,0
61.29,3.93,70.56,27.94,607.01,63.48,4,28.27,0
26.22,1.7,92.77,27.75,476.48,77.63,4,4.11,0
228.3,4.77,58.63,28.96,150.2,35.61,1,69.41,1
68.5,4.86,59.99,28.34,359.32,37.02,5,100.42,1
36.67,3.91,79.17,31.19,44.51,115.57,1,47.79,0
78.34,5.69,51.49,31.69,499.98,42.6,1,41.34,1
61.03,3.5,62.41,23.8,1187.73,72.05,4,48.07,1
55.89,4.85,77.16,31.48,313.13,50.19,3,104.06,1
42.85,2.47,62.39,23.25,627.25,0.0,3,49.53,0
41.13,3.96,67.17,30.35,69.51,0.0,3,13.82,0
15.04,3.74,78.93,30.48,101.68,32.63,1,19.34,0
165.09,4.34,75.06,20.35,191.17,81.68,4,22.54,0
101.09,3.45,73.2,28.37,220.66,73.65,3,29.45,0
84.07,3.8,65.93,26.13,314.58,77.42,2,59.77,0
60.28,5.24,74.44,24.96,150.83,20.39,2,16.01,0
28.5,3.34,68.52,33.4,278.03,98.48,2,10.32,0
34.74,1.59,75.49,25.39,487.96,21.05,5,64.31,0
16.89,6.62,64.04,24.77,358.38,56.38,4,23.52,0
38.54,6.07,67.81,28.3,186.19,49.69,1,1.48,0
24.96,2.06,58.12,30.74,422.93,44.78,1,39.93,0
197.25,5.03,69.58,27.43,179.75,90.16,4,5.94,0
123.34,3.25,60.27,32.67,266.73,28.85,5,36.52,0
70.74,4.4,56.63,30.12,470.93,9.51,4,15.23,1
31.35,4.44,73.1,19.29,216.12,50.6,5,3.79,0
26.17,3.65,72.55,25.88,81.34,38.01,3,21.87,0
57.31,2.82,79.39,25.75,261.15,151.32,3,44.64,0
126.84,2.96,64.83,29.92,473.79,70.3,5,53.88,0
17.39,2.63,74.9,17.5,503.78,37.72,4,3.67,0
100.17,2.75,76.61,38.2,97.82,18.32,3,10.58,0
38.4,3.9,75.34,30.12,411.21,0.0,4,46.66,1
44.54,2.93,60.09,28.6,206.1,19.24,3,14.83,0
69.2,5.02,71.79,32.73,655.19,53.45,4,9.16,0
32.3,6.23,74.37,37.37,83.03,92.82,4,41.07,0
55.07,3.13,70.09,31.48,405.81,83.65,2,10.7,0
29.92,4.36,44.96,31.8,188.68,56.87,5,3.87,0
41.1,4.75,71.93,28.52,152.85,40.3,1,17.96,0
113.78,4.71,96.55,27.43,485.43,58.06,5,23.68,1
71.93,4.11,65.68,26.1,538.13,34.44,4,10.48,0
113.48,5.11,61.26,24.7,30.73,101.55,4,1.59,0
37.97,4.72,74.48,25.25,491.38,44.32,5,24.65,0
100.69,2.14,73.75,22.6,236.98,47.41,4,54.14,0
12.99,5.3,84.31,27.7,255.61,0.0,3,19.38,0
69.18,5.33,54.91,21.26,78.59,44.14,4,5.02,0
105.38,2.86,78.78,28.76,387.15,75.09,5,16.31,0
12.41,4.06,77.09,27.85,1024.45,17.97,5,45.66,1
38.35,5.02,68.29,28.59,160.92,27.48,5,6.67,0
69.14,3.69,74.06,25.91,572.99,73.78,2,22.55,1
133.3,5.61,82.35,40.31,248.51,5.7,2,29.55,1
41.09,7.55,80.47,33.44,166.38,81.73,2,18.54,0
97.94,2.82,56.28,23.02,64.08,34.04,2,7.07,0
172.25,1.93,79.84,28.93,628.06,38.34,2,7.18,1
101.13,4.46,69.22,25.57,272.14,16.28,2,30.4,0
56.72,5.08,70.87,23.94,173.61,61.34,2,5.32,0
87.73,3.65,70.88,22.64,198.18,123.8,5,3.67,0
40.09,6.18,68.2,29.73,409.08,73.44,1,39.92,1
71.24,1.99,84.3,25.27,173.38,24.07,2,47.75,1
58.95,5.04,69.0,31.87,110.15,84.07,5,16.39,0
85.66,3.09,56.57,31.98,228.63,40.5,1,78.16,0
47.58,6.58,65.28,33.5,223.2,91.23,2,13.22,0
89.18,6.99,72.14,24.59,219.38,74.2,1,27.36,0
47.2,2.85,84.75,29.9,175.28,0.0,1,55.47,0
122.53,3.18,77.24,30.53,586.32,19.88,3,15.94,1
51.21,5.29,59.79,26.1,1267.2,78.33,4,66.2,1
7.09,3.42,99.82,24.91,98.05,54.55,3,56.98,0
26.98,3.93,73.18,34.44,24.92,19.29,1,48.36,0
67.62,4.04,85.3,28.91,207.15,30.99,5,7.33,0
196.12,1.12,68.18,30.54,29.1,0.0,2,57.58,0
119.32,3.98,76.4,24.71,57.56,47.35,4,46.0,1
5.27,2.97,80.07,23.12,163.3,116.32,2,20.26,0
15.75,3.26,84.62,25.72,407.01,74.15,5,8.82,0
144.89,6.17,82.69,27.5,205.27,115.71,4,48.62,1
104.97,2.12,80.47,23.74,16.7,76.47,3,57.52,0
266.11,5.22,66.22,27.96,203.13,80.82,1,19.11,1
45.65,3.58,63.14,21.25,215.36,109.22,5,38.38,0
31.71,3.58,73.99,23.52,218.21,61.32,1,43.26,0
70.43,5.19,81.2,30.68,528.76,44.38,1,5.46,1
44.92,4.51,67.33,30.42,469.85,80.98,2,56.94,0
135.88,4.86,82.78,26.43,264.25,93.62,5,65.3,0
43.65,5.45,87.43,23.93,897.72,35.6,1,7.05,1
53.68,3.5,59.0,23.89,162.92,28.35,3,9.73,0
27.82,3.08,59.96,26.51,226.29,54.17,4,28.33,0
113.9,2.37,68.32,30.58,245.3,74.94,5,63.23,0
29.48,2.76,73.69,31.71,63.34,73.94,2,69.58,0
90.38,8.42,63.71,26.01,249.26,7.27,5,6.18,1
218.13,5.87,86.23,23.39,51.2,107.35,2,32.76,1
10.54,1.97,75.09,29.07,142.12,30.77,4,9.83,0
177.61,2.02,70.47,24.71,273.31,42.05,3,4.14,1
82.19,4.72,52.77,25.93,74.54,22.92,1,35.32,0
23.8,4.82,54.21,33.3,319.53,130.95,5,30.2,0
72.48,4.82,73.37,31.31,123.18,57.26,2,43.83,0
111.61,3.62,44.41,28.63,185.66,24.47,4,61.12,1
33.61,3.81,82.15,22.91,360.92,75.92,1,86.65,0
94.1,4.49,68.1,28.85,234.41,73.07,4,57.07,0
187.42,4.13,100.0,32.25,314.16,44.37,3,27.35,1
43.6,0.67,97.69,26.5,345.13,75.22,1,34.81,0
27.51,3.66,67.82,33.4,231.44,25.24,1,14.53,0
60.38,2.72,68.72,33.17,327.45,35.21,1,103.94,1
69.59,4.26,81.95,34.65,140.06,0.0,2,32.94,0
140.64,8.48,90.44,29.22,357.75,10.28,1,48.54,1
58.84,4.55,50.34,30.35,208.21,104.23,4,16.81,0
46.96,3.53,48.56,33.66,596.59,99.24,2,62.68,1
26.87,5.38,62.54,29.79,277.62,51.97,1,46.67,0
12.52,4.72,76.99,26.0,157.82,99.89,4,42.0,0
19.78,4.63,75.96,26.21,362.26,45.2,4,25.24,0
19.66,4.91,82.84,28.95,614.13,42.7,5,12.39,0
54.14,7.08,55.6,22.84,170.1,51.7,4,63.83,1
15.27,2.3,42.21,27.43,146.95,46.25,3,43.59,0
63.9,4.71,80.3,32.39,8.5,43.54,1,3.57,0
214.98,2.61,60.06,19.23,277.1,84.3,1,87.31,1
143.4,4.83,45.78,34.14,192.0,54.5,1,38.97,0
53.72,2.62,71.74,32.49,361.18,71.37,4,34.1,0
307.41,3.37,79.52,26.16,366.78,80.94,4,20.42,1
69.77,3.56,68.54,30.17,66.41,61.65,1,8.08,0
77.43,5.46,64.51,28.01,468.43,20.89,2,40.54,1
59.49,5.38,68.09,32.92,129.06,9.41,2,93.07,1
64.99,2.13,65.55,31.93,170.89,54.46,3,25.65,0
42.36,4.08,53.82,22.4,320.87,44.86,5,52.05,0
54.35,2.94,61.42,30.35,91.92,52.62,3,8.5,0
178.4,2.11,76.26,27.18,148.25,49.52,1,65.76,1
153.94,3.67,73.86,28.33,83.86,127.51,1,13.02,0
6.69,3.54,72.02,25.09,496.72,10.09,1,38.77,0
17.2,7.64,58.06,34.99,183.28,0.0,5,90.14,0
34.03,4.65,67.82,32.16,75.94,59.97,4,13.01,0
127.6,1.93,43.88,25.04,81.47,38.71,5,2.88,0
156.25,3.15,72.14,22.66,441.7,59.48,3,1.7,1
111.31,5.53,87.15,26.46,118.91,67.52,4,21.71,0
23.71,7.13,52.31,29.74,167.65,88.52,4,9.3,0
43.08,1.62,62.97,28.96,257.35,4.78,3,41.02,0
95.27,1.18,73.95,33.01,193.88,33.3,4,40.41,0
55.01,6.81,85.03,31.16,36.71,62.86,2,65.78,1
49.12,4.58,64.62,31.88,389.26,73.11,3,37.67,0
49.71,2.7,61.69,29.31,205.66,115.8,3,57.61,0
146.24,4.8,46.37,22.44,311.53,78.67,2,122.68,1
102.22,0.5,71.24,27.22,409.7,48.3,5,20.77,0
51.93,4.01,94.5,32.24,27.04,23.29,5,75.03,0
84.97,4.49,73.33,27.79,412.38,33.07,5,136.95,1
20.68,5.39,69.73,30.01,1113.04,32.22,4,8.98,1
43.15,2.48,73.86,26.73,336.27,69.66,2,58.42,0
136.83,4.13,69.87,23.88,602.98,57.71,3,12.12,1
14.26,2.61,60.24,27.51,485.19,10.29,3,21.71,0
103.11,4.38,79.88,29.24,401.77,36.92,3,3.45,1
6.59,2.66,72.71,25.38,497.11,76.33,4,3.59,0
198.25,3.39,70.21,27.06,555.82,60.55,4,27.79,1
42.3,2.51,58.3,24.24,570.93,67.06,5,52.78,0
89.48,4.98,85.64,32.48,81.25,61.49,4,28.66,0
72.74,5.29,77.98,26.82,518.26,98.79,5,54.32,0
74.73,3.65,63.36,33.81,203.29,57.08,5,8.29,0
83.86,4.06,82.02,34.11,584.91,38.42,3,9.91,1
11.61,1.83,64.03,27.68,357.75,22.53,4,96.36,0
75.89,3.55,60.62,23.97,80.06,57.49,5,11.56,0
57.61,3.92,60.88,19.66,639.8,0.0,2,21.46,0
42.5,7.93,48.75,22.11,129.62,44.47,2,15.13,0
34.01,2.33,75.66,22.5,195.3,43.82,4,27.97,0
77.3,6.2,48.03,33.51,741.78,9.07,3,33.79,1
27.83,5.5,55.26,28.46,279.0,22.15,3,25.2,0
135.19,4.42,45.09,29.56,188.46,74.29,5,18.0,0
94.17,6.64,68.97,19.12,235.77,56.92,4,27.96,1
80.78,4.56,68.2,23.21,185.2,53.05,2,34.83,0
131.38,4.58,66.08,31.55,441.11,59.19,5,16.82,0
9.63,3.92,57.49,29.15,189.88,52.78,5,32.77,0
20.02,5.84,55.93,27.41,242.08,87.29,1,7.03,0
97.13,5.64,75.57,30.26,379.7,53.7,4,23.88,0
35.77,3.06,63.39,34.54,350.09,6.25,5,27.1,0
39.81,2.02,73.8,27.12,139.34,98.9,2,33.87,0
17.22,3.7,59.38,28.28,444.87,61.11,1,7.3,0
27.9,2.8,72.17,28.77,162.71,32.32,2,18.91,0
137.22,3.9,85.64,37.57,99.59,12.4,3,30.47,1
95.52,5.86,77.03,19.6,41.12,61.88,1,18.18,0
76.67,3.31,65.05,30.73,217.18,46.48,1,28.44,0
41.14,3.94,73.09,27.54,51.92,97.22,5,38.23,0
73.17,4.09,67.11,30.27,122.71,39.62,3,17.78,0
145.37,5.27,70.09,25.37,246.87,24.88,5,43.2,0
36.55,0.63,66.09,27.8,547.6,76.87,4,36.3,0
64.88,3.09,68.03,30.85,199.52,77.76,2,30.33,0
206.29,4.32,72.55,40.45,64.86,55.06,2,81.32,0
110.3,5.8,58.08,31.23,229.64,70.29,5,67.61,0
41.64,3.26,57.81,24.61,533.11,48.87,2,75.82,1
104.21,1.19,53.34,26.3,195.81,57.02,2,37.39,0
14.01,4.93,50.8,26.19,611.77,84.95,4,10.52,0
62.9,3.05,55.39,20.82,245.79,68.76,3,9.66,0
104.13,2.22,71.91,26.68,413.49,44.92,1,44.27,0
88.29,3.06,59.29,30.93,294.72,90.57,5,73.05,1
103.43,3.72,76.16,22.9,591.86,0.0,5,53.41,1
119.67,3.09,70.42,32.19,936.97,111.56,4,81.88,1
93.3,0.69,46.38,29.95,169.62,0.0,4,5.72,0
91.4,5.35,77.86,25.06,282.02,31.19,1,6.19,0
77.98,5.91,79.73,27.43,547.33,48.77,3,2.39,0
24.97,4.98,58.07,34.39,302.43,45.61,5,30.79,0
137.18,2.29,75.04,30.93,38.72,80.19,4,11.57,0
64.64,3.7,59.72,28.04,198.29,18.26,5,27.07,0
108.42,3.99,71.17,27.05,300.52,57.82,2,13.8,0
127.81,4.9,54.83,28.31,703.22,32.65,5,36.33,1
43.41,5.0,48.48,25.95,270.59,58.85,3,31.11,0
46.65,2.9,65.41,19.58,115.37,48.06,3,41.78,0
51.94,4.12,68.52,36.17,305.83,52.79,5,16.67,0
154.81,4.69,65.23,28.62,656.3,33.5,2,26.31,1
30.32,6.18,55.79,29.59,147.82,34.7,3,14.17,0
172.78,5.06,65.2,27.77,164.51,58.62,4,17.11,1
77.34,5.18,73.23,25.06,149.8,78.31,5,52.26,0
81.43,4.13,69.46,27.26,74.2,32.05,2,28.84,0
123.97,6.12,72.19,21.6,261.49,23.94,4,13.72,0
71.01,4.61,61.96,37.11,238.63,68.4,5,26.19,0
138.21,2.71,84.06,23.06,44.05,49.02,2,16.01,0
43.36,6.11,55.89,23.87,123.7,74.91,4,24.38,0
169.14,5.05,75.85,26.24,288.16,22.83,3,116.36,1
46.21,3.34,84.18,33.15,406.62,0.0,5,63.56,0
173.41,3.28,75.77,28.06,486.55,34.01,5,41.6,1
47.24,4.44,67.57,23.06,430.02,27.01,3,6.72,0
53.15,4.69,63.66,33.02,249.67,47.64,1,0.42,0
27.1,4.3,82.43,30.92,62.07,30.89,4,20.32,0
34.36,4.47,52.92,30.15,208.87,72.23,3,23.13,0
64.89,6.55,58.36,30.86,14.37,41.36,5,41.28,0
79.51,5.61,65.23,37.58,289.19,54.51,4,3.01,0
131.51,4.29,84.85,36.74,143.46,54.73,4,10.3,0
56.22,5.41,74.56,25.25,26.09,55.85,1,71.21,0
88.43,2.45,58.38,34.5,329.54,49.28,5,12.53,0
75.64,4.6,66.28,29.53,651.03,65.32,2,13.64,1
95.47,6.71,62.63,30.0,52.69,26.13,1,153.13,1
38.86,3.67,61.48,21.23,349.4,91.98,1,66.77,0
42.83,2.73,81.75,27.32,181.3,42.9,2,45.36,0
38.87,3.02,53.54,24.75,129.52,10.65,2,8.17,0
148.85,2.37,89.31,31.31,129.77,55.64,1,30.37,1
170.21,2.82,79.94,32.28,181.26,24.46,4,22.31,1
41.32,3.44,83.09,19.7,180.71,69.96,3,52.94,0
42.02,1.89,64.44,27.91,242.05,116.29,3,1.73,0
104.98,4.02,68.2,32.49,118.47,26.4,1,31.05,0
182.76,5.35,52.8,27.25,141.48,59.97,4,57.21,1
209.05,2.64,63.7,30.92,373.08,0.0,2,22.44,1
39.77,6.28,75.92,29.4,108.95,63.62,1,23.44,0
48.58,4.77,85.55,29.37,303.2,23.43,5,24.09,0
82.55,5.55,56.71,26.91,189.05,31.25,4,13.33,0
85.47,3.01,65.61,23.13,158.6,16.96,5,54.96,0
57.94,5.28,68.18,23.51,792.65,71.96,5,92.25,1
33.36,2.36,53.25,30.84,75.96,80.22,1,2.93,0
64.97,5.34,77.1,28.08,681.06,50.7,4,43.05,1
208.91,4.26,61.31,27.45,448.54,24.07,5,23.13,1
43.35,4.83,67.66,26.3,146.74,97.69,4,6.55,0
78.9,2.24,64.58,26.78,457.49,27.49,3,6.52,0
300.81,2.66,60.53,32.19,6.81,0.0,5,26.27,1
42.84,4.9,69.92,26.66,134.89,63.75,5,21.4,0
108.44,2.58,67.41,22.64,110.36,16.86,4,6.16,0
214.73,4.69,65.54,30.97,332.39,79.66,3,16.48,1
102.06,1.95,61.26,27.18,412.25,38.57,5,42.49,0
141.87,5.27,73.83,28.13,328.48,68.11,1,8.66,1
118.65,2.15,89.84,34.43,274.85,92.05,4,25.71,0
96.44,4.83,71.68,27.92,478.61,13.73,4,44.34,1
166.54,4.94,81.95,29.16,432.65,33.02,5,18.88,1
106.09,2.95,53.32,23.28,143.68,47.73,3,7.05,0
58.4,4.87,71.89,27.12,157.93,96.13,5,33.57,0
74.53,4.39,56.83,30.44,415.64,30.25,2,8.4,0
87.57,3.19,52.28,21.78,240.23,32.16,5,33.86,0
48.35,2.49,61.13,28.8,253.14,64.34,2,27.34,0
77.03,1.06,84.3,28.4,278.79,32.68,1,56.69,0
69.09,4.52,81.4,28.17,40.86,54.58,4,20.12,0
105.86,1.65,72.92,32.15,138.1,3.45,4,87.26,0
252.39,4.14,51.61,29.34,353.27,116.43,3,44.7,1
80.39,3.6,67.64,33.91,137.09,9.57,5,65.86,0
185.81,5.02,73.62,24.03,206.72,40.35,1,22.88,1
103.24,3.55,72.11,28.54,351.64,49.03,2,16.66,0
76.77,3.51,47.87,28.34,497.05,107.38,3,7.78,0
46.17,5.1,59.32,23.72,538.02,10.25,1,14.61,1
77.2,4.5,69.23,31.83,558.86,109.51,1,23.09,0
73.77,4.47,76.44,37.3,222.63,72.72,2,51.11,1
36.65,4.7,43.65,27.93,204.75,62.51,2,25.03,0
41.77,1.7,68.05,30.02,85.64,20.46,4,9.47,0
88.1,5.14,71.72,28.34,653.53,67.13,5,5.57,1
184.59,4.92,80.2,25.15,197.87,28.3,3,11.25,1
63.33,2.47,78.31,20.72,643.31,88.0,5,9.8,0
16.36,3.63,76.99,25.18,309.3,20.87,3,62.89,0
26.61,3.94,60.4,22.43,512.94,46.61,1,17.65,0
110.34,3.8,47.1,34.82,234.63,33.34,2,5.45,0
20.0,4.5,65.28,27.54,376.98,20.37,2,35.01,1
122.63,6.15,82.02,26.62,524.91,72.24,1,24.73,1
106.2,5.62,86.72,31.56,165.26,66.06,1,30.91,1
61.68,2.03,78.53,23.51,560.87,86.27,3,25.46,0
36.94,4.93,75.15,24.93,97.34,0.0,1,14.77,0
54.97,5.99,74.56,28.27,779.0,81.93,3,12.54,0
86.55,4.58,63.33,32.12,279.62,125.16,5,2.2,0
20.67,5.64,68.44,30.01,140.02,36.45,2,21.71,0
172.47,7.02,90.03,28.99,442.43,106.85,2,48.23,1
85.98,5.54,58.69,28.31,319.94,42.11,2,50.41,1
93.14,4.37,89.38,29.6,43.51,8.83,5,13.18,0
105.67,5.57,66.14,28.81,181.34,40.83,5,76.77,1
161.55,4.22,85.91,23.88,101.91,81.45,4,5.18,0
77.34,4.04,53.12,28.18,110.57,24.85,3,24.63,0
110.39,3.47,77.03,23.71,106.96,31.99,3,11.3,0
37.48,6.35,61.16,28.32,364.38,67.81,4,24.92,0
209.61,2.77,53.02,26.08,466.23,50.09,2,66.2,1
73.5,6.3,72.62,38.16,129.03,67.54,3,7.93,0
37.32,4.75,82.11,27.84,31.0,57.13,3,19.76,0
46.18,1.9,59.86,22.38,900.64,64.39,2,17.85,1
8.95,4.55,52.01,27.46,281.88,37.03,1,21.83,0
45.93,0.85,68.9,30.08,444.71,56.95,1,12.48,0
3.49,4.94,68.95,34.69,214.03,22.18,4,38.63,0
116.04,5.33,76.58,25.64,23.02,88.65,5,15.1,0
91.14,3.11,81.4,21.67,338.95,30.97,3,13.91,0
28.16,4.19,69.29,31.27,725.2,83.87,3,66.82,1
64.23,6.93,92.27,22.48,146.88,42.99,4,24.36,0
66.48,3.24,72.69,26.26,19.52,56.06,4,13.86,0
22.96,2.41,65.84,26.97,85.16,35.15,3,41.91,0
55.89,6.22,50.66,27.72,459.78,19.52,2,21.07,1
68.06,6.94,66.85,30.76,318.15,0.0,2,17.84,1
54.7,4.01,65.96,25.27,562.46,18.34,5,32.48,0
37.29,5.52,81.52,26.91,251.71,40.28,3,105.62,1
27.17,6.01,75.55,27.94,407.35,56.36,3,18.4,1
53.18,2.89,55.85,28.6,176.98,80.31,3,33.78,0
41.31,3.27,72.07,28.39,91.87,36.63,3,23.83,0
100.82,5.85,78.06,29.74,408.15,23.54,4,6.33,1
168.18,6.53,88.34,31.38,465.0,6.72,1,10.47,1
126.72,4.84,80.65,29.57,149.88,64.4,3,34.63,0
69.79,2.68,79.13,29.81,682.19,91.5,1,22.44,0
38.53,6.98,70.72,21.67,694.85,87.99,2,16.81,1
124.4,3.2,74.66,28.2,107.58,71.3,5,36.96,0
105.14,3.5,84.99,29.92,112.29,69.16,2,30.55,0
160.46,4.51,54.01,30.92,117.24,100.93,3,4.24,0
77.4,6.33,65.81,25.23,226.29,59.96,2,10.04,0
202.5,5.28,60.73,25.36,184.09,69.38,4,24.4,1
77.42,4.62,74.55,25.7,72.89,40.38,1,8.48,0
38.37,4.69,84.76,30.15,120.37,9.14,3,61.45,0
44.67,4.07,62.84,32.14,23.71,29.48,4,24.37,0
97.47,4.84,41.32,26.37,29.91,49.73,1,21.2,0
41.21,0.5,65.05,31.63,58.88,51.82,4,78.35,0
201.59,3.56,80.96,28.49,868.18,107.79,2,26.82,1
91.83,4.36,76.45,27.5,799.83,52.44,3,17.54,1
68.65,2.27,75.14,27.15,424.98,85.37,2,10.67,0
73.06,4.58,66.64,30.99,151.23,36.95,5,35.02,0
54.24,3.69,54.65,29.3,57.83,40.65,3,21.54,0
12.29,6.63,76.18,37.1,247.63,10.13,2,6.18,0
44.7,6.36,59.99,24.59,345.81,27.73,3,38.91,1
185.45,3.3,96.21,30.07,130.98,65.81,1,16.33,0
78.94,3.77,76.85,25.88,332.44,50.23,3,46.28,0
136.67,3.89,63.03,24.52,84.36,78.29,3,66.88,0
139.32,3.32,62.66,27.96,153.93,55.44,1,5.15,0
64.7,4.29,68.88,28.55,203.29,39.43,2,20.97,0
106.34,2.86,67.13,39.67,815.57,114.45,3,31.34,1
13.9,2.3,83.4,27.26,118.78,47.18,4,13.87,0
175.68,4.93,72.24,23.48,344.56,84.89,3,29.24,1
166.35,4.94,61.22,29.09,102.73,37.96,2,9.66,0
95.57,2.79,92.69,19.7,89.75,71.29,1,60.5,0
81.05,5.34,70.59,27.63,130.46,77.84,2,60.75,0
65.36,3.05,79.23,28.06,254.35,56.25,5,12.66,0
147.41,4.38,62.7,31.18,742.26,0.0,3,3.72,1
114.98,5.23,74.36,31.89,148.38,50.55,3,17.63,0
49.65,3.95,73.73,25.99,467.48,86.91,1,17.61,0
23.95,4.68,47.32,27.4,842.39,65.82,3,42.46,1
19.67,3.23,94.18,24.94,303.09,63.38,4,6.3,0
146.37,3.71,85.49,23.49,527.58,0.0,4,79.77,1
64.27,3.69,65.23,29.24,124.15,28.39,2,16.54,0
94.46,2.88,56.77,22.91,337.88,62.34,1,28.66,0
70.71,3.73,74.17,26.34,402.59,62.31,5,27.51,0
19.94,1.68,71.04,24.02,69.34,86.44,2,61.05,0
14.26,3.26,74.27,30.2,113.22,45.65,1,47.58,0
46.91,3.57,72.3,35.21,196.15,62.17,1,90.28,0
50.23,3.62,76.07,22.79,133.74,50.49,2,17.61,0
50.21,3.64,87.37,20.59,215.15,20.39,2,20.09,0
51.4,3.91,76.82,27.5,59.25,0.0,3,4.03,0
241.69,4.72,57.4,28.06,787.98,62.93,5,29.53,1
135.28,5.31,86.35,28.87,501.28,55.22,4,2.24,1
79.77,3.03,89.69,26.21,1745.25,31.45,3,23.8,1
63.04,2.2,100.0,27.2,78.15,1.42,1,26.01,0
64.76,2.44,56.52,29.47,347.62,68.89,5,28.35,0
112.11,3.27,72.91,32.16,134.86,42.02,5,27.21,0
62.58,3.47,45.01,20.18,89.23,66.71,2,8.63,0
126.06,2.85,76.64,26.52,481.82,105.92,5,89.76,1
86.21,2.06,63.42,28.86,260.8,0.0,5,13.31,0
243.11,3.32,93.08,24.33,185.42,29.01,1,52.74,1
59.71,4.27,60.7,34.92,309.92,43.72,3,118.09,1
141.83,4.89,49.73,25.46,117.75,93.64,5,20.53,0
26.09,3.16,64.34,27.83,114.16,0.91,2,5.45,0
39.36,3.38,46.29,30.22,139.23,108.08,3,9.73,0
222.4,2.61,79.01,25.63,549.73,54.08,2,22.86,1
122.45,3.95,45.22,20.61,519.34,47.12,5,87.44,0
95.68,2.73,70.34,26.29,74.5,44.06,3,3.38,0
283.73,4.86,45.07,32.12,765.45,36.91,5,22.63,1
63.74,1.32,66.16,26.65,243.95,81.44,1,17.16,0
141.6,3.46,89.72,24.61,343.42,17.94,3,34.09,1
148.67,4.45,74.33,31.7,135.25,60.36,2,35.34,0
191.59,4.28,59.64,26.68,254.11,38.47,1,30.1,1
23.26,8.04,69.63,25.96,88.71,27.14,4,9.59,0
63.41,4.52,70.22,28.6,127.04,127.58,2,9.18,0
85.13,2.49,75.67,31.08,454.28,62.57,5,5.84,0
189.54,3.86,53.6,37.53,461.76,68.4,2,24.36,1
92.94,1.34,77.11,31.31,355.1,84.13,4,16.37,0
148.89,3.88,37.55,32.64,175.69,7.36,2,27.62,0
21.24,2.75,62.44,25.98,73.21,102.57,1,19.38,0
52.45,5.37,64.14,23.9,595.69,0.0,2,96.62,1
165.93,3.18,77.6,28.25,485.88,26.94,3,1.34,1
58.12,3.82,70.27,28.43,36.24,36.23,4,18.85,0
67.47,3.05,53.13,23.69,467.37,67.45,2,4.98,0
187.56,6.61,58.18,27.3,185.33,56.56,4,41.01,1
31.8,3.52,72.38,29.6,412.21,45.0,1,15.5,0
38.82,6.75,69.05,29.44,60.09,49.64,3,12.89,0
19.03,5.22,63.05,30.02,141.61,20.66,5,54.01,0
192.49,4.72,64.23,29.16,268.76,5.08,2,8.67,1
133.59,4.55,78.35,25.97,788.2,71.8,1,101.37,1
131.3,4.59,63.79,25.94,269.29,70.81,4,46.7,1
51.26,1.11,68.94,23.2,534.59,97.53,4,8.35,0
17.58,3.58,96.04,35.14,297.69,26.3,1,28.55,0
12.68,5.27,52.92,28.05,289.71,70.78,2,66.23,0
166.74,3.93,47.78,27.1,369.19,41.49,5,154.04,1
100.23,1.89,79.4,24.28,238.85,85.71,2,1.32,0
114.04,3.92,61.86,39.74,446.61,80.66,3,4.39,0
82.27,6.56,66.18,23.71,95.17,56.34,2,15.08,0
34.82,5.87,60.63,26.28,240.15,39.81,3,8.08,0
53.2,3.91,66.88,29.66,833.13,78.83,4,49.33,1
27.54,5.43,89.18,30.4,549.96,69.41,3,4.5,0
24.37,3.45,79.63,31.83,317.46,29.47,5,0.13,0
126.22,1.44,80.35,35.23,498.64,10.17,1,14.45,1
14.01,2.61,53.01,30.02,690.21,41.34,3,22.08,0
27.71,6.34,56.19,23.78,30.52,95.46,2,10.27,0
55.73,3.59,35.93,26.97,200.12,84.39,3,20.58,0
72.26,3.63,60.29,29.23,141.18,16.63,4,7.17,0
18.78,3.55,81.48,36.27,64.9,14.97,3,3.77,0
92.1,6.86,76.2,22.41,912.92,88.24,5,19.01,1
78.91,6.44,67.34,32.81,382.05,15.93,3,1.94,0
164.84,7.33,69.73,28.72,486.5,65.28,5,27.44,1
73.18,3.76,61.73,31.35,146.66,31.52,2,17.45,0
98.84,4.44,72.46,27.59,196.64,98.51,4,9.04,0
36.59,1.73,79.19,24.63,249.01,26.89,1,34.07,0
37.96,6.22,50.61,31.0,335.44,84.3,2,80.62,1
20.85,2.25,73.6,30.62,434.96,55.55,2,131.73,0
36.91,4.33,81.19,31.89,415.52,57.57,1,38.33,0
52.57,2.35,65.02,27.95,207.42,0.0,3,44.78,0
154.09,3.12,78.41,25.6,708.53,0.0,3,21.98,1
32.16,2.74,100.0,21.76,614.36,43.38,3,28.73,0
250.12,3.09,68.75,31.28,310.78,57.41,4,16.7,1
105.04,3.19,74.72,29.7,256.28,16.24,2,35.58,0
90.4,3.18,61.14,24.14,194.8,17.34,5,51.16,0
68.95,5.25,72.18,25.85,336.87,66.84,1,7.47,0
59.36,2.34,75.52,26.13,592.41,66.89,2,76.47,1
41.82,4.33,72.34,22.07,260.84,45.87,3,33.66,0
18.0,5.83,57.76,24.73,156.94,73.41,1,20.08,0
33.18,3.23,72.48,23.46,256.37,14.77,5,14.64,0
192.19,2.92,87.55,26.35,315.07,39.32,2,16.24,1
100.58,3.65,75.38,25.05,89.08,99.44,2,29.96,0
191.07,5.77,81.54,21.49,67.96,52.05,4,24.66,0
40.91,4.29,67.16,36.09,160.5,53.79,2,44.19,0
26.8,3.2,79.0,33.01,707.54,119.18,2,40.78,0
68.44,4.73,73.35,24.88,569.81,8.02,5,23.09,0
34.29,2.35,58.59,29.09,52.47,73.89,5,6.82,0
79.48,5.02,73.82,29.67,109.42,99.92,1,29.12,0
14.28,4.61,58.1,32.76,429.72,40.25,3,11.2,0
7.62,3.54,62.41,24.73,178.11,75.79,5,3.61,0
87.91,2.74,72.27,32.37,350.27,20.54,1,28.64,0
195.71,2.67,73.57,25.81,55.89,29.4,2,5.04,1
90.73,4.8,55.73,22.66,252.36,61.55,1,10.33,0
99.85,5.84,82.65,30.9,232.44,73.96,1,6.49,0
70.67,3.04,76.86,33.16,488.14,83.63,1,25.01,0
75.8,4.69,61.54,38.35,335.5,97.09,1,26.98,0
17.07,0.87,51.55,23.2,278.72,47.98,5,57.18,0
35.44,3.12,68.26,30.8,42.59,85.81,3,29.36,0
153.04,3.95,64.65,26.36,851.01,39.73,1,51.47,1
51.63,2.64,71.36,31.13,408.02,77.06,4,7.44,0
150.98,2.6,65.64,22.12,136.01,56.22,2,59.03,1
74.26,3.0,45.91,22.95,273.37,63.37,2,6.86,0
77.08,4.44,65.34,24.9,182.71,62.71,2,4.73,0
51.94,3.72,66.33,28.32,212.23,1.86,2,28.57,1
110.33,0.64,77.6,25.44,563.75,16.28,2,18.62,0
129.28,0.82,61.62,30.64,108.93,53.08,1,17.05,0
33.76,3.09,90.14,32.11,420.2,0.0,3,35.34,0
18.84,4.69,47.06,30.4,580.12,74.94,4,8.06,0
9.7,0.5,85.73,34.48,374.56,76.15,5,36.62,0
96.49,3.25,67.31,29.66,220.91,59.82,4,19.84,0
88.81,3.21,80.32,23.13,127.41,16.37,5,50.32,0
296.05,6.08,70.96,33.45,143.82,91.4,5,7.04,1
70.98,3.42,83.67,25.58,277.7,111.12,4,7.58,0
61.69,4.57,65.35,31.64,260.42,54.41,1,86.19,1
81.45,4.21,56.82,34.29,457.79,65.32,2,31.21,0
84.7,0.8,87.05,29.83,60.42,56.05,1,15.08,0
58.03,5.15,68.64,22.02,558.92,65.91,2,53.79,1
34.76,4.32,72.66,24.33,1228.09,46.41,3,66.11,1
68.13,4.76,84.82,33.29,237.86,48.96,5,13.1,0
66.2,9.89,57.62,27.32,209.77,77.17,4,24.73,1
65.38,0.87,77.15,28.32,226.13,120.37,3,96.12,0
118.44,6.59,62.92,31.04,270.41,8.0,2,9.92,1
67.2,3.57,68.41,30.79,196.65,46.89,1,10.51,0
19.28,4.43,70.87,29.12,31.32,14.59,4,28.23,0
39.89,3.93,52.0,27.17,222.18,97.76,5,6.82,0
57.47,3.36,60.65,26.75,282.99,32.37,3,24.71,0
69.64,3.15,86.21,31.43,600.57,6.7,5,22.93,1
97.93,4.49,80.63,30.21,107.61,69.15,2,6.28,0
70.05,1.72,69.25,26.97,766.38,102.33,5,14.82,0
7.84,5.13,72.92,32.33,185.75,69.91,1,92.82,1
21.68,3.38,66.47,27.48,120.01,56.14,3,31.09,0
102.69,2.3,86.28,24.59,408.09,62.27,3,7.65,0
56.24,3.32,67.6,24.96,168.41,92.45,1,19.43,0
74.64,5.89,72.78,24.09,241.46,23.77,5,51.64,0
50.73,3.2,83.75,26.91,254.5,46.64,1,23.24,0
39.74,4.54,60.67,32.93,391.59,36.42,4,31.46,0
52.24,2.9,88.71,24.78,235.88,14.96,1,43.02,0
75.31,5.14,51.63,28.75,215.94,40.15,5,86.44,0
66.82,5.03,89.56,25.37,181.76,83.23,1,27.92,0
128.71,6.77,65.53,26.96,363.86,67.0,2,26.91,1
15.63,3.74,67.09,21.96,161.06,69.33,1,30.96,0
18.06,5.0,47.32,27.12,614.22,54.39,1,54.1,1
55.72,4.15,64.54,27.23,256.7,65.7,5,15.73,0
98.72,5.94,57.52,30.16,45.33,25.98,4,14.79,0
114.06,2.92,62.71,28.89,314.9,40.71,4,48.62,0
41.11,5.12,68.35,23.21,353.91,55.76,5,60.84,0
2.42,3.71,81.49,32.34,618.93,58.33,5,46.15,0
42.25,3.9,72.49,28.84,132.62,59.61,5,37.71,0
89.02,4.14,73.69,28.79,115.76,45.85,2,39.14,1
65.88,4.38,56.85,27.96,400.95,38.68,3,50.55,1
101.28,3.83,59.43,25.93,551.17,144.73,1,22.94,0
149.51,4.32,91.58,28.87,127.94,77.2,5,39.2,0
58.81,6.37,61.18,29.9,306.51,62.39,5,48.56,0
46.3,5.48,89.87,21.01,239.07,43.0,5,12.89,0
30.62,5.3,67.08,25.84,132.03,36.46,4,79.84,0
17.95,3.32,70.03,26.98,228.2,46.08,5,41.86,0
13.24,2.67,82.84,29.02,524.54,58.78,1,40.27,0
37.74,5.43,85.26,32.77,257.54,0.0,5,12.1,0
136.08,5.31,68.67,24.91,218.78,2.92,1,45.14,1
108.16,6.21,65.34,26.01,386.06,30.89,2,32.59,1
44.51,3.09,69.33,25.95,557.53,56.21,3,58.43,0
251.64,3.66,74.06,24.79,105.85,42.82,4,13.49,1
40.02,1.54,80.7,26.61,315.97,94.34,1,10.85,0
159.01,3.41,70.05,31.08,186.73,5.53,2,37.6,1
184.18,5.49,77.43,23.78,258.43,27.46,3,20.88,1
93.35,3.3,89.66,29.71,407.99,95.6,3,33.45,0
37.44,4.96,74.58,21.19,199.08,53.93,3,15.34,0
49.53,3.71,73.74,25.75,234.47,76.55,1,18.65,0
76.67,4.49,51.77,26.68,495.26,111.54,2,71.41,1
18.49,2.28,38.43,34.7,347.7,29.19,5,39.83,0
28.03,4.13,74.66,26.9,230.33,47.02,2,97.88,0
25.9,0.5,68.86,19.2,278.03,41.83,2,42.7,0
98.4,3.72,63.82,20.0,262.8,0.0,2,27.08,0
148.55,1.55,72.92,28.14,41.55,40.69,1,47.34,0
111.11,5.81,69.28,30.46,281.61,76.43,1,43.15,1
132.46,5.17,83.53,29.5,75.86,66.22,1,27.86,0
34.73,4.7,71.03,28.67,546.9,68.57,2,24.28,1
51.35,6.28,61.04,32.65,74.08,38.73,1,39.32,1
54.53,2.58,81.88,25.84,179.18,30.32,3,17.38,0
93.09,6.62,67.39,31.58,152.07,88.08,1,14.77,1
38.65,5.4,76.32,21.47,688.28,35.08,4,2.95,0
126.98,3.65,64.27,24.38,531.39,58.82,1,9.12,1
180.84,5.7,62.2,20.77,17.57,54.9,1,82.17,1
96.48,2.34,71.01,26.9,247.68,93.85,1,6.88,0
49.54,2.76,70.15,27.81,89.71,79.14,1,104.5,0
32.04,3.09,75.76,28.46,282.42,11.14,4,48.15,0
25.96,3.21,66.78,28.25,401.43,14.37,5,101.55,1
7.95,2.42,47.96,24.29,300.53,67.37,1,116.32,0
55.88,5.83,64.81,27.24,418.81,48.07,3,20.78,0
53.37,3.61,79.53,22.01,203.45,36.34,4,18.59,0
121.7,4.53,66.43,33.45,307.69,80.47,5,0.9,0
40.86,3.14,67.04,26.79,408.35,55.62,1,13.2,0
58.4,1.27,81.84,26.04,173.56,51.57,5,1.26,0
82.35,4.41,61.46,34.36,118.43,73.39,3,1.51,0
95.37,1.13,51.49,23.03,144.99,38.75,4,8.7,0
112.27,3.9,68.07,23.5,227.9,97.06,4,17.23,0
76.46,1.95,64.19,23.62,252.92,26.36,5,35.27,0
19.62,6.98,58.41,27.73,320.94,69.71,1,18.53,0
89.51,5.37,67.9,29.73,132.71,93.01,2,18.84,0
38.37,4.16,75.9,30.96,416.73,8.68,4,28.68,0
153.23,5.9,69.89,38.29,793.91,39.7,2,19.08,1
67.77,2.73,73.68,19.0,153.05,84.27,4,80.73,0
79.89,4.82,91.76,30.43,1089.07,84.72,1,13.23,1
311.48,4.3,65.89,25.77,864.46,44.86,1,19.79,1
113.63,4.4,73.34,25.65,252.31,27.96,4,31.72,0
88.35,5.91,63.89,25.52,222.58,78.68,5,30.79,0
59.77,5.1,59.84,24.36,143.18,85.51,1,16.37,0
21.32,4.43,62.98,34.74,460.31,15.06,1,26.42,1
56.44,1.52,64.25,31.37,265.5,13.88,3,14.13,0
31.69,2.56,74.31,28.09,287.14,56.76,1,28.57,0
195.43,3.82,98.19,33.4,120.75,68.88,3,51.39,1
89.19,4.14,61.41,21.95,469.38,41.03,1,19.12,1
149.52,2.3,65.0,22.68,208.77,70.38,1,26.27,0
39.88,7.62,69.24,19.29,96.33,28.7,5,16.7,0
33.79,6.27,74.75,25.2,237.21,0.0,5,13.13,0
106.06,4.9,73.16,28.65,127.95,37.28,1,30.72,0
30.54,4.11,85.41,28.41,619.53,51.9,4,5.42,0
46.53,3.68,40.88,28.6,857.08,41.72,4,11.48,0
201.52,2.57,41.36,22.36,242.5,15.24,1,58.12,1
48.09,4.12,64.05,31.21,521.37,0.0,4,6.01,1
16.97,4.39,83.17,28.96,512.59,34.58,1,46.07,0
10.81,2.14,51.21,30.93,3.34,76.93,5,46.07,0
14.84,4.5,33.91,20.43,145.18,87.69,2,21.56,0
155.43,3.77,76.85,29.25,274.43,85.63,3,19.82,0
42.04,1.14,72.92,23.25,177.33,25.52,4,16.63,0
305.24,2.71,56.92,26.41,135.46,15.39,4,32.3,1
182.22,3.38,58.17,30.14,536.14,64.9,5,16.08,0
233.18,6.83,58.36,28.36,171.58,69.05,4,35.5,1
134.76,4.83,71.33,24.59,321.56,62.01,1,8.48,0
102.18,2.0,62.48,28.03,504.61,0.0,1,56.32,1
32.71,4.73,75.93,21.87,644.06,23.99,2,37.42,0
66.49,1.68,35.74,32.6,96.79,49.11,2,54.54,0
109.48,5.62,59.72,27.18,105.03,64.62,2,51.46,0
129.17,3.29,56.49,32.47,295.92,73.02,1,61.74,1
23.38,3.86,66.92,25.89,30.77,54.33,2,40.06,0
57.16,5.99,63.54,25.91,109.89,59.92,2,40.7,0
62.49,2.07,79.57,24.94,576.37,52.55,1,5.57,1
60.58,1.9,47.69,31.5,394.32,70.57,5,5.08,0
26.53,3.12,70.55,25.16,227.9,59.39,4,48.48,0
215.56,5.56,76.7,30.58,353.64,51.97,3,30.96,1
55.64,1.72,92.28,26.47,413.58,41.95,1,29.17,0
28.38,0.5,64.22,20.1,67.03,52.44,1,5.39,0
219.02,3.32,73.89,25.72,169.04,64.54,3,2.79,0
182.33,4.83,48.35,23.28,629.28,58.02,3,100.2,1
74.21,5.8,41.3,28.14,299.81,61.42,2,8.04,1
45.38,3.31,80.14,23.24,313.03,90.28,3,2.66,0
13.57,3.38,69.93,31.7,242.98,57.95,4,56.4,0
96.86,5.73,84.14,27.64,41.89,30.53,4,6.28,0
42.77,1.2,53.52,27.29,150.93,76.51,4,47.67,0
65.26,3.42,76.24,30.62,338.56,9.01,4,33.95,0
206.45,4.29,92.43,31.86,172.39,17.56,4,30.4,1
40.15,4.67,75.04,27.92,100.15,60.08,2,6.6,0
93.92,3.24,73.32,24.92,113.03,65.49,1,19.11,0
114.57,4.05,70.1,20.9,637.93,12.65,3,19.36,1
152.22,0.5,51.15,25.26,164.72,38.52,1,18.8,0
61.63,3.01,86.27,25.53,554.82,31.82,3,55.51,1
56.69,4.68,62.67,28.43,314.09,35.4,2,18.66,0
55.64,2.53,76.05,26.62,207.87,78.31,2,41.7,0
87.49,4.09,51.24,30.75,129.86,71.2,5,26.7,0
177.27,4.67,55.85,25.55,401.79,49.43,5,6.35,1
53.62,3.49,87.22,27.77,509.7,33.62,2,39.68,1
3.49,4.26,65.83,32.74,429.11,9.51,2,44.42,0
123.53,2.56,87.44,29.37,74.52,92.61,3,15.3,0
70.19,3.69,69.06,27.76,164.33,67.76,2,32.48,0
97.02,4.92,47.9,25.59,181.29,28.8,1,42.8,1
14.15,4.24,80.7,25.47,32.59,71.59,3,135.93,0
42.91,3.12,62.92,24.6,351.11,47.89,2,14.72,0
116.67,4.34,78.38,25.84,387.48,41.39,3,37.51,1
20.61,5.07,70.3,31.02,378.05,63.06,3,17.36,0
93.77,0.93,51.48,27.11,335.04,27.76,4,40.3,0
64.84,5.74,71.97,22.6,194.21,39.69,5,19.76,0
35.47,3.5,96.35,35.07,125.37,53.64,3,6.58,0
32.97,4.64,75.92,29.28,193.65,35.02,3,4.87,0
26.77,5.8,69.31,22.37,315.95,70.07,4,55.57,0
69.9,1.94,82.9,26.23,589.77,106.07,2,2.14,0
76.2,2.94,72.53,28.44,265.41,27.37,3,42.53,0
49.45,3.57,72.51,34.82,258.63,0.05,4,15.56,0
25.21,2.82,56.9,23.57,36.38,0.0,1,45.23,0
91.85,6.6,72.81,31.9,331.36,45.49,4,48.25,1
125.09,2.71,82.43,33.6,618.62,30.11,5,17.62,0
104.02,3.17,59.97,25.49,229.32,56.24,5,113.39,1
239.35,4.31,87.09,26.89,216.02,53.98,2,20.85,1
57.66,2.2,68.9,23.85,184.11,1.9,2,43.18,0
165.85,3.41,59.35,27.19,411.39,0.0,5,17.72,1
38.56,4.48,81.97,27.85,34.32,58.88,5,23.66,0
33.33,3.5,66.56,30.64,555.19,54.06,3,15.19,0
73.2,3.86,79.11,32.36,208.58,37.23,5,21.7,0
190.68,3.21,66.5,25.01,335.74,0.29,2,2.18,1
52.7,1.73,69.28,20.13,434.08,64.14,5,16.88,0
14.14,4.48,75.92,27.92,111.76,88.16,2,32.93,0
123.46,6.63,73.49,29.17,246.16,58.34,1,11.24,1
62.73,4.03,46.05,29.0,205.0,24.58,5,28.21,0
83.31,4.34,56.55,26.69,88.41,51.34,2,71.72,0
34.89,5.04,81.15,28.5,506.95,9.02,4,30.15,0
72.69,2.1,68.41,34.06,191.95,81.74,3,25.26,0
16.56,6.55,63.72,29.53,84.9,52.46,2,18.93,0
217.74,4.3,53.7,26.51,257.77,0.0,5,19.5,1
139.44,6.45,57.04,26.0,63.29,40.98,5,33.61,0
70.23,2.9,45.74,27.32,172.44,63.9,1,16.62,0
121.11,6.73,68.78,34.55,311.35,40.01,4,6.74,1
38.65,5.16,62.82,27.27,56.5,41.72,2,4.18,0
135.25,4.83,58.4,27.92,393.15,13.27,4,44.06,1
50.83,4.35,69.18,26.07,268.07,67.0,1,90.66,1
47.92,3.63,74.37,32.4,435.81,30.55,3,77.87,1
28.51,5.8,95.12,35.84,432.46,0.0,4,7.2,0
91.02,4.21,51.86,29.8,167.51,38.86,1,77.11,0
67.93,1.05,83.91,28.33,171.38,79.43,2,61.37,0
169.42,2.32,81.68,28.15,353.81,38.39,3,38.66,1
25.48,3.72,60.65,18.46,96.2,102.14,5,22.65,0
91.32,4.46,72.44,30.98,96.81,62.87,1,29.23,0
148.7,3.92,64.51,28.54,148.57,60.16,5,14.85,0
77.22,5.83,72.23,29.71,69.28,46.15,3,64.42,0
50.04,1.07,88.11,25.15,83.95,47.95,1,66.69,0
75.75,4.22,77.27,26.46,86.72,42.1,1,3.12,1
160.48,1.27,76.1,26.36,192.52,40.93,3,123.96,1
160.43,5.14,64.84,32.09,185.41,65.93,2,73.84,1
60.75,3.86,52.19,26.48,482.22,21.93,1,6.37,0
158.58,4.63,67.5,36.33,195.31,17.72,3,28.89,1
65.49,2.7,84.48,29.72,231.99,16.3,4,4.51,0
120.18,5.92,51.67,22.9,757.07,111.37,5,25.6,1
99.07,5.56,57.34,27.49,18.55,65.91,1,61.52,0
48.41,4.88,71.52,25.39,289.78,59.13,4,5.1,0
29.48,3.81,58.18,19.22,208.83,18.27,1,30.66,0
151.34,4.87,60.49,34.4,311.7,68.7,2,57.27,1
180.13,2.94,64.92,30.81,156.65,46.5,3,15.94,0
89.76,5.28,53.61,30.13,194.31,56.43,1,42.78,1
65.43,6.47,58.31,28.66,571.46,20.7,3,36.65,1
22.44,5.61,78.44,22.47,350.34,54.81,1,40.63,1
148.73,2.91,54.31,26.07,202.22,37.28,2,19.37,1
82.39,4.54,50.83,31.37,128.05,27.03,2,24.99,0
54.17,2.06,62.44,23.8,95.87,72.02,4,23.48,0
122.54,4.86,78.78,17.87,165.1,3.87,2,33.77,1
18.52,4.68,67.64,27.09,216.81,66.94,3,3.37,0
27.2,1.2,64.43,27.43,755.2,70.53,2,21.52,0
37.44,2.26,70.53,28.54,274.35,23.61,1,9.3,0
96.88,3.58,49.05,30.91,141.76,25.39,2,61.89,0
76.38,3.55,75.94,30.55,18.67,43.31,3,46.56,0
105.11,2.19,74.6,29.04,124.84,58.46,1,25.3,0
141.96,4.58,65.09,32.78,165.29,45.41,4,31.25,0
107.78,4.38,82.07,21.92,294.47,63.01,4,38.15,1
220.77,3.71,56.47,30.02,170.37,102.89,4,20.26,0
141.73,2.87,83.53,30.51,778.58,34.77,1,1.62,1
60.64,5.57,71.85,23.04,205.1,0.0,4,32.26,0
42.67,6.48,65.96,21.99,493.49,74.78,2,5.45,0
62.1,3.27,69.76,25.02,51.48,100.5,1,15.9,0
110.42,3.08,68.71,25.35,236.11,61.78,1,21.78,0
46.61,4.74,84.64,31.01,126.01,17.37,1,30.92,0
112.56,3.46,57.08,25.54,502.85,46.28,5,34.48,1
103.76,3.79,60.85,24.57,179.74,16.44,3,5.85,0
29.09,5.11,82.44,25.55,582.28,69.29,5,8.11,0
139.94,1.14,62.85,32.47,389.44,9.46,5,30.65,0
87.49,5.98,80.81,28.05,160.91,41.0,5,45.16,0
213.77,4.11,90.39,27.28,94.19,19.87,3,18.86,1
65.67,3.38,65.18,27.56,132.84,53.8,5,23.14,0
52.2,3.87,78.18,33.17,194.49,39.01,4,3.5,0
25.72,3.94,56.16,25.0,387.68,55.3,1,37.07,0
25.33,1.4,79.06,33.26,242.35,50.67,1,35.65,0
128.77,6.24,72.39,28.84,437.69,20.4,2,52.0,1
199.76,4.06,75.68,27.36,612.83,68.81,4,22.51,1
61.42,4.66,62.25,38.0,252.3,48.54,3,96.38,1
58.32,5.43,50.07,23.78,104.11,20.34,1,13.09,0
70.35,2.47,76.04,26.59,322.27,117.23,5,25.86,0
146.47,4.71,45.24,23.07,835.4,64.29,2,90.91,1
29.33,3.6,66.19,31.81,454.87,45.4,2,51.3,1
79.75,5.27,81.29,34.76,304.75,92.46,1,27.01,0
130.77,0.81,72.3,34.68,116.77,105.25,4,12.72,0
96.04,3.85,93.38,32.9,210.88,45.64,2,4.07,0
1.84,3.1,82.3,27.21,55.16,60.42,1,7.25,0
108.16,4.65,62.15,26.54,88.95,20.36,4,11.54,0
96.7,4.71,70.33,21.32,327.09,45.58,1,52.19,1
165.74,2.94,69.43,36.14,42.88,44.03,1,54.29,1
189.39,2.93,51.01,29.88,186.82,55.54,4,111.66,0
160.23,3.83,58.72,26.03,79.9,59.98,4,24.06,0
70.64,2.66,63.27,33.31,93.18,66.79,4,16.6,0
13.44,5.26,45.57,24.11,255.81,57.13,1,34.15,0
57.99,3.45,70.57,29.63,132.99,13.68,2,14.62,0
68.94,0.5,67.01,27.31,65.14,21.85,3,10.27,0
198.1,3.44,49.93,30.55,156.21,33.61,3,9.27,1
35.21,2.44,74.85,27.75,62.83,41.53,1,57.03,0
19.09,1.55,78.59,22.2,558.24,81.52,1,2.76,0
46.86,2.14,72.72,28.3,402.75,15.11,2,27.33,0
36.92,4.16,66.11,32.2,401.5,39.28,4,36.44,0
17.22,5.99,77.1,27.88,122.11,78.59,1,14.36,0
62.47,4.47,78.16,31.1,334.88,41.0,5,39.89,0
71.02,3.09,73.69,23.82,284.33,63.81,4,74.48,0
16.17,4.68,60.1,27.89,130.38,45.81,1,9.18,0
51.94,3.31,73.32,25.5,230.77,57.7,5,23.06,0
34.88,2.96,84.35,30.99,52.36,43.15,2,11.83,0
72.78,2.27,62.84,28.13,96.55,70.01,5,8.92,0
78.29,1.37,95.18,30.76,225.86,3.65,1,50.96,0
34.89,3.42,63.69,32.35,163.81,39.1,3,22.39,0
139.1,4.24,70.39,30.77,313.99,58.9,1,71.29,1
67.77,3.86,61.93,29.09,133.45,66.01,3,2.22,0
36.37,3.38,72.68,24.01,184.12,94.79,2,19.28,0
15.07,2.58,49.09,27.99,240.66,38.27,2,13.11,0
81.43,4.91,63.45,25.87,123.95,94.38,4,2.31,0
96.54,2.02,56.89,26.62,181.58,30.23,4,31.82,0
44.7,5.16,71.62,26.5,282.87,89.86,3,20.77,0
74.54,2.5,81.93,24.08,665.65,74.52,3,29.44,1
189.39,2.87,77.75,20.17,124.6,22.6,2,11.2,1
124.53,1.8,41.54,25.33,164.46,59.21,5,44.61,0
5.85,3.25,94.5,28.77,451.77,48.46,3,101.64,0
36.0,5.46,73.54,22.61,529.8,68.77,3,25.75,0
60.12,4.77,60.68,28.06,357.89,43.3,5,17.06,0
70.71,5.47,71.89,35.6,520.65,40.78,4,24.38,0
75.76,4.78,72.11,32.09,118.48,91.07,4,28.73,0
92.19,2.34,62.0,34.57,487.4,47.04,3,41.36,0
61.7,3.5,72.38,29.56,412.7,74.79,4,19.62,0
67.64,2.83,62.71,32.67,92.0,43.24,4,36.1,0
128.99,6.0,65.15,25.1,186.31,100.0,4,48.74,0
82.62,2.2,61.76,25.42,25.29,29.65,2,117.57,0
23.33,5.34,52.81,17.04,267.71,31.58,1,28.1,0
72.43,5.34,71.75,32.74,481.37,95.74,3,21.75,0
60.25,6.74,77.02,34.16,157.54,36.65,3,13.76,0
9.06,3.39,76.18,25.79,102.34,98.03,2,16.23,0
75.27,5.07,79.84,26.98,95.88,76.76,1,45.94,0
26.43,7.42,73.89,24.98,237.92,45.36,1,6.34,0
130.31,3.07,63.61,29.53,355.63,0.0,2,44.21,1
91.25,1.7,80.08,32.5,674.96,49.42,5,26.76,0
22.07,1.18,53.71,21.03,22.56,53.05,5,39.41,0
126.29,5.07,59.19,29.64,621.02,85.02,1,33.13,1
167.52,1.18,58.43,26.89,278.53,97.65,5,46.9,0
54.57,3.44,82.96,28.45,465.92,29.45,5,30.34,0
59.97,4.66,81.31,29.84,396.04,74.04,5,34.48,0
117.91,4.28,75.85,27.25,249.21,72.96,1,30.33,1
159.25,4.64,82.86,27.59,242.09,82.2,5,46.31,0
12.39,4.33,59.45,27.14,320.49,64.96,3,15.35,0
24.71,5.92,74.18,31.88,197.94,0.0,1,8.88,0
47.62,2.57,68.5,29.68,210.71,45.34,2,42.01,0
51.99,2.98,80.16,28.88,368.02,15.33,5,42.03,0
115.58,2.84,68.62,22.92,124.2,43.92,4,16.86,1
159.8,5.25,65.38,26.49,496.22,79.4,1,145.71,1
167.83,5.35,76.49,31.59,468.59,59.15,2,5.64,1
12.05,4.68,80.51,28.15,165.16,84.44,3,6.81,0
33.11,5.78,61.98,30.64,370.59,60.25,2,16.97,0
40.51,2.23,69.27,35.07,338.02,11.05,5,21.02,0
32.99,6.5,57.3,32.15,151.3,0.0,4,45.23,0
91.05,6.28,40.02,28.37,389.88,54.46,5,46.21,1
99.04,5.1,72.41,25.96,651.09,43.58,2,6.01,1
67.0,6.67,77.31,17.79,507.72,20.69,1,20.33,1
62.21,1.52,73.14,27.33,64.38,0.0,4,21.69,0
49.33,3.21,46.61,26.7,346.43,27.96,4,34.18,0
54.18,2.9,65.79,29.56,453.58,44.17,2,55.12,1
187.98,5.08,43.38,27.38,143.13,69.98,5,6.41,0
109.52,2.42,86.44,26.72,496.29,55.66,2,14.75,1
50.87,5.14,56.97,20.88,129.6,98.24,4,1.61,0
61.28,6.06,85.06,24.24,196.34,18.93,2,34.24,1
92.56,5.04,81.35,29.91,134.02,76.43,4,26.93,0
22.07,4.43,59.19,34.86,115.65,51.42,5,21.19,0
74.32,2.52,56.41,27.61,320.12,70.84,1,49.32,1
105.34,2.73,74.2,29.31,70.5,36.9,1,57.76,0
96.02,5.87,59.87,31.81,205.1,82.15,2,55.21,1
33.7,5.17,71.23,24.76,320.24,58.86,4,6.73,0
39.47,3.94,64.21,29.47,135.65,29.62,1,15.27,0
7.79,3.37,48.63,25.04,554.68,49.64,4,27.59,0
113.23,0.96,43.23,31.46,218.14,42.81,5,18.0,0
241.37,2.39,72.72,28.61,719.95,64.68,2,75.25,1
29.57,6.87,63.26,29.19,62.64,14.61,4,55.81,0
141.21,2.08,63.36,24.87,329.33,49.12,2,20.32,0
227.55,4.28,78.35,30.83,283.65,61.86,4,17.64,1
45.41,5.51,84.08,36.34,179.62,50.99,4,9.67,0
61.34,2.12,66.73,23.97,250.35,90.41,5,39.67,0
80.65,4.28,65.91,26.64,364.79,73.22,2,43.49,1
93.85,5.41,76.0,28.93,414.08,49.78,3,4.57,1
83.87,4.02,53.72,31.15,223.76,56.5,4,3.79,0
48.42,8.3,72.68,25.76,332.38,58.87,4,6.75,0
104.19,1.5,76.62,16.67,123.68,62.1,1,66.2,0
49.34,5.59,78.16,33.44,419.63,0.0,2,54.35,1
88.1,3.74,46.76,31.04,628.02,40.95,3,28.11,0
65.17,5.16,60.86,21.03,441.96,5.47,5,29.71,0
10.63,4.66,59.46,25.57,134.26,88.35,3,4.05,0
155.37,2.9,71.2,34.27,106.8,48.17,5,96.14,0
40.4,4.34,75.77,33.79,1020.95,44.2,3,63.89,1
165.81,1.21,87.96,31.75,600.63,76.9,3,20.04,1
137.42,4.9,64.06,27.3,415.12,62.67,2,32.99,0
78.87,4.45,64.03,28.33,655.59,16.14,1,15.26,1
97.36,4.96,83.8,27.48,244.19,47.87,3,21.78,0
105.84,5.59,73.56,32.51,409.87,39.94,4,6.91,0
56.99,4.55,85.21,24.5,550.77,0.0,4,22.76,1
59.16,4.22,73.46,24.78,197.87,29.29,4,10.32,0
102.26,2.68,56.11,32.04,346.25,44.49,1,20.26,1
65.71,2.93,54.0,27.82,510.33,46.55,3,44.07,1
48.55,5.78,51.38,33.51,100.05,5.53,5,8.2,0
34.19,6.15,77.94,25.31,182.44,84.55,5,13.6,0
89.97,3.64,84.26,27.78,502.63,46.94,2,1.33,1
39.26,4.07,92.19,24.31,289.35,51.13,1,9.92,0
121.85,2.64,80.12,28.03,261.74,62.02,3,52.27,0
128.99,5.76,83.95,22.09,238.97,26.36,4,47.74,0
96.83,5.0,63.04,26.05,538.16,63.69,1,21.35,1
111.56,6.91,56.12,22.25,110.24,38.99,1,30.94,1
97.03,2.68,80.2,30.78,172.56,23.1,3,9.08,0
117.13,3.43,75.01,30.87,69.9,67.2,2,7.17,0
113.7,4.35,71.29,21.08,193.04,94.75,2,42.82,1
86.51,4.97,74.65,33.34,279.0,71.74,2,11.52,0
138.6,3.68,73.88,37.99,36.49,77.69,4,19.21,0
58.6,2.69,85.41,28.18,125.37,34.38,4,67.48,0
35.12,5.32,85.54,25.44,289.03,2.07,3,11.02,1
33.55,5.08,76.53,39.3,342.37,94.7,2,1.49,0
51.99,2.63,80.15,22.72,754.14,111.64,3,57.19,1
8.9,6.03,76.17,28.08,379.23,96.28,2,8.88,0
78.3,5.76,64.47,28.72,217.09,39.93,1,80.04,1
106.83,4.2,79.08,33.38,273.47,15.36,5,20.01,0
127.75,4.12,53.27,29.44,280.48,18.03,5,5.91,0
13.34,4.83,82.65,26.01,172.79,0.0,2,37.13,0
34.53,2.71,55.67,24.2,298.16,46.78,3,37.14,0
119.33,4.05,73.43,26.63,165.99,98.17,4,48.68,0
57.15,0.77,59.86,23.97,309.09,45.75,2,10.35,0
105.16,5.31,76.64,28.19,238.78,59.07,2,13.8,1
20.96,1.66,69.59,25.74,209.61,91.27,4,10.04,0
164.51,6.26,50.86,22.02,214.35,37.88,2,34.54,1
19.35,3.5,75.05,33.02,423.69,111.07,1,12.92,0
76.62,3.68,63.06,26.01,396.06,109.76,4,29.99,0
78.09,3.06,80.57,22.93,201.23,46.07,1,4.36,0
44.37,3.57,70.02,27.33,412.47,32.67,5,30.14,0
94.42,6.13,74.75,28.27,235.23,70.92,4,28.17,0
96.32,0.5,58.51,21.01,238.02,39.57,4,10.16,0
89.05,5.92,62.93,29.33,172.91,15.3,3,27.99,0
43.69,4.51,64.5,23.81,702.75,88.44,3,4.21,1
36.84,2.19,80.28,34.84,654.62,86.49,4,14.43,0
47.69,2.39,90.13,30.1,143.98,54.67,5,7.46,0
32.58,6.51,60.34,26.4,191.93,12.11,2,26.14,1
142.93,2.58,82.92,25.02,326.45,13.11,3,16.26,1
51.13,2.27,43.96,27.58,370.16,53.22,5,40.12,0
75.01,5.71,55.67,30.45,101.98,35.0,5,8.71,0
119.0,4.51,58.49,27.9,118.28,39.77,3,12.47,0
31.17,2.59,53.77,27.13,370.98,80.66,2,6.08,0
18.52,4.32,51.0,28.23,63.81,72.0,3,84.22,0
32.68,2.46,74.96,25.58,145.04,91.34,5,0.64,0
81.17,5.65,67.43,26.63,456.31,20.28,1,65.55,1
77.17,5.59,74.55,19.66,442.02,39.7,3,67.85,1
88.93,4.8,78.29,31.89,677.54,72.77,5,15.57,1
61.48,4.54,73.19,29.2,829.05,63.44,3,11.27,1
3.39,6.64,77.89,24.91,1292.66,95.97,5,20.75,1
59.97,4.0,69.17,35.59,187.49,62.62,2,7.7,0
129.98,2.23,55.76,28.35,153.38,105.44,5,15.79,0
153.04,4.67,82.69,23.86,335.51,66.2,4,50.57,1
71.35,7.13,62.93,31.43,71.6,81.87,1,3.15,0
77.38,2.48,58.77,29.59,206.56,40.29,5,38.02,0
103.79,3.46,67.86,29.58,278.43,50.43,3,19.65,0
150.16,4.62,59.05,26.3,353.79,77.33,3,108.76,1
66.69,3.92,64.99,29.8,381.14,98.39,5,23.02,0
102.78,2.53,74.13,26.95,201.59,71.88,4,9.0,0
42.09,5.68,74.18,30.22,82.72,47.5,5,14.63,0
21.41,7.48,59.23,20.38,100.71,91.32,2,15.59,0
45.89,4.29,64.15,26.26,31.3,0.0,4,65.36,0
173.32,2.64,82.89,34.89,158.02,7.33,5,21.02,0
104.24,1.68,75.96,24.93,69.93,70.45,1,27.28,0
23.46,4.39,94.9,25.58,167.25,50.42,4,15.52,0
107.63,5.66,84.16,26.21,333.11,68.17,5,7.77,0
25.22,4.71,83.73,23.14,84.62,51.93,1,3.46,0
88.05,4.0,53.35,19.17,266.94,67.13,5,69.0,0
30.09,3.12,79.17,27.08,199.88,25.57,2,28.37,0
22.18,2.36,69.36,28.54,320.66,67.11,3,16.1,0
192.56,5.25,63.39,27.79,376.1,79.83,5,22.79,1
51.1,5.37,72.02,27.42,190.11,86.62,4,25.03,0
102.92,1.68,81.34,28.17,250.43,110.41,5,44.94,0
68.8,6.38,76.01,32.09,200.5,57.32,5,7.05,0
27.15,4.86,59.46,27.24,171.5,58.22,5,53.15,1
55.54,6.1,78.91,25.7,138.89,4.3,5,14.65,0
27.37,1.99,62.35,26.88,351.94,34.06,4,27.2,0
284.98,1.95,72.6,30.32,599.37,44.21,4,5.69,1
115.95,3.78,66.36,33.65,552.27,81.51,5,5.54,0
67.83,4.75,67.37,25.49,77.08,31.67,3,5.49,0
99.1,6.69,79.19,28.4,591.98,73.89,5,2.2,1
110.85,5.06,57.52,29.35,112.37,49.95,4,30.4,0
111.06,3.64,93.34,24.03,278.51,44.68,2,21.55,1
107.8,2.46,48.15,28.08,315.81,57.47,5,16.81,0
102.14,5.85,62.83,22.14,58.63,38.27,5,6.47,1
72.07,2.55,74.44,20.92,217.68,37.13,5,71.28,0
182.92,6.44,77.01,29.47,616.73,0.0,5,1.24,1
75.54,3.57,68.79,26.46,19.49,42.56,1,38.64,0
69.33,6.39,69.31,28.81,1071.81,35.6,5,6.38,1
76.02,5.02,74.93,27.93,29.56,34.52,4,36.19,0
80.07,3.79,67.23,24.09,310.03,62.51,4,57.08,0
13.46,3.22,86.72,27.82,61.68,69.76,1,10.73,0
32.38,3.49,80.07,23.07,346.42,56.97,5,4.55,0
61.48,4.64,80.47,33.56,535.96,79.86,3,5.67,1
12.72,4.12,58.41,22.58,440.7,67.27,5,22.17,0
67.75,3.11,69.05,27.22,491.2,41.15,4,22.2,0
79.3,3.75,66.39,23.83,201.21,36.11,2,9.77,0
20.47,4.12,57.93,30.28,613.86,59.38,2,105.71,1
39.63,0.81,74.32,26.67,916.74,67.21,3,33.15,0
